pclass,survival,sex,age,fare,embarked_Queenstown,embarked_Southampton,pclass_sex_interaction
1,1,0,-0.0566319417405785,3.1355489856290597,False,True,0
1,1,1,-2.012378986425107,2.062683358448342,False,True,1
1,0,0,-1.9369369706283552,2.062683358448342,False,True,0
1,0,1,0.013008985255265075,2.062683358448342,False,True,1
1,0,0,-0.3351956497239528,2.062683358448342,False,True,0
1,1,1,1.2665456711804493,-0.1803980157889411,False,True,1
1,1,0,2.311159576118103,0.7421059309395827,False,True,0
1,0,1,0.6397773282178573,-0.6568284708377332,False,True,1
1,1,0,1.6147503061596673,0.2669477516075805,False,True,0
1,0,1,2.8682869920848515,0.23150709388900384,False,False,1
1,0,1,1.1969047441846057,3.4260280147622253,False,False,1
1,1,0,-0.8226821386948578,3.4260280147622253,False,False,0
1,1,0,-0.4048365767197964,0.5867358608634787,False,False,0
1,1,0,-0.2655547227281092,0.7581071901001242,False,True,0
1,1,1,3.495055335047444,-0.11848895738630666,False,True,1
1,0,1,-0.4048365767197964,3.7848457279765624,False,False,1
1,1,0,1.4058275251721364,3.7848457279765624,False,False,0
1,1,0,0.15229083924695222,0.712199459047703,False,False,0
1,0,1,0.4308545472303265,0.6933575204484868,False,False,1
1,1,1,0.5004954742261701,0.28623826340084524,False,True,1
1,1,0,1.1969047441846057,0.28623826340084524,False,True,0
1,1,1,-0.2655547227281092,-0.11848895738630666,False,False,1
1,1,0,0.848700109205388,3.4260280147622253,False,False,0
1,1,0,-0.0566319417405785,3.322921839607073,False,True,0
1,0,1,-0.3351956497239528,-0.1902675591798302,False,False,1
1,1,1,-0.3351956497239528,0.9775559488416947,False,False,1
1,1,0,-0.7530412116990143,0.9775559488416947,False,False,0
1,1,0,0.36121362023448295,1.7770637047672966,False,True,0
1,1,1,-0.12627286873642207,-0.1803980157889411,False,True,1
1,0,1,1.0576228901929186,-0.019793379920211768,False,True,1
1,1,1,0.7094182552137008,-0.10054430693792576,False,False,1
1,1,0,0.013008985255265075,2.301646813295694,False,True,0
1,1,0,1.9629549411388851,-0.1803980157889411,False,True,0
1,0,1,0.848700109205388,-0.1803980157889411,False,True,1
1,1,0,1.0576228901929186,4.051399190556202,False,False,0
1,1,0,-0.5441184307114836,0.3301273038232156,False,True,0
1,0,1,0.7790591822095444,-0.10951663216211621,False,True,1
1,0,1,1.2665456711804493,0.24930100927361842,False,False,1
1,1,0,0.9879819631970751,-0.15938839751039616,False,False,0
1,1,0,2.0325958681347287,0.2669477516075805,False,True,0
1,1,0,2.102236795130572,0.712199459047703,False,False,0
1,1,0,0.7790591822095444,1.7567270144694964,False,False,0
1,0,1,1.0576228901929186,-0.1803980157889411,False,True,1
1,1,1,0.848700109205388,-0.18510846499806055,False,True,1
1,1,0,1.6147503061596673,-0.16432316920584075,False,False,0
1,1,1,0.4308545472303265,8.536740368332499,False,False,1
1,1,0,1.9629549411388851,8.536740368332499,False,False,0
1,0,1,0.2219317662427958,-0.5671052185958287,False,True,1
1,0,1,-0.12627286873642207,0.18836453836403083,False,True,1
1,0,1,-0.8923230656907014,0.18836453836403083,False,True,1
1,1,1,-1.310168627665763,1.4965295829679734,False,True,1
1,1,0,-1.1012458466782322,1.4965295829679734,False,True,0
1,1,1,0.4308545472303265,1.4965295829679734,False,True,1
1,1,0,0.4308545472303265,1.4965295829679734,False,True,0
1,0,1,1.3361865981762928,-0.1902675591798302,False,True,1
1,0,1,0.4308545472303265,0.7581071901001242,False,True,1
1,1,0,3.2164916270640695,0.7581071901001242,False,True,0
1,0,1,1.1272638171887621,0.44093550598624726,False,True,1
1,1,0,1.1969047441846057,0.44093550598624726,False,True,0
1,1,1,-0.19591379573226564,0.29603244105431614,False,True,1
1,1,0,0.2219317662427958,0.29603244105431614,False,True,0
1,1,0,0.4308545472303265,4.051399190556202,False,False,0
1,1,0,0.013008985255265075,0.8953837929472137,False,True,0
1,1,1,1.0576228901929186,-0.12387233816510054,False,False,1
1,0,1,-0.19591379573226564,1.797626551494698,False,False,1
1,1,0,-0.2655547227281092,1.797626551494698,False,False,0
1,1,0,-0.5441184307114836,2.062683358448342,False,True,0
1,0,1,1.1969047441846057,-0.19766973466764748,False,True,1
1,1,0,0.6397773282178573,0.8354181958165553,False,False,0
1,0,1,0.5004954742261701,0.8354181958165553,False,False,1
1,1,0,2.3808005031139468,0.8354181958165553,False,False,0
1,1,0,1.7540321601513544,-0.1956509399586241,False,True,0
1,0,1,2.798646065089008,0.6172417109973098,False,True,1
1,1,0,0.4308545472303265,0.6172417109973098,False,True,0
1,1,0,2.3808005031139468,-0.1803980157889411,False,True,0
1,0,1,0.6397773282178573,0.6223254717420322,False,False,1
1,1,0,0.5701364012220137,0.6223254717420322,False,False,0
1,1,1,1.47546845216798,-0.1803980157889411,False,True,1
1,1,1,-0.19591379573226564,-0.10951663216211621,False,True,1
1,1,0,0.2219317662427958,2.062683358448342,False,True,0
1,0,1,0.08264991225110865,0.2762933524780729,False,True,1
1,1,0,-0.19591379573226564,0.2762933524780729,False,True,0
1,1,1,0.08264991225110865,0.3660166047199773,False,True,1
1,1,0,-0.8923230656907014,0.3660166047199773,False,True,0
1,1,1,1.6147503061596673,0.8120900963997087,False,True,1
1,1,1,-1.797655116636668,0.8120900963997087,False,True,1
1,1,0,1.6843912331555109,0.8120900963997087,False,True,0
1,0,1,1.4058275251721364,1.2529310069651542,False,False,1
1,1,0,-0.19591379573226564,3.7848457279765624,False,False,0
1,1,0,1.2665456711804493,1.2529310069651542,False,False,0
1,1,0,1.2665456711804493,0.05377966000117417,False,False,0
1,1,1,1.3361865981762928,0.3647461091125116,False,False,1
1,0,1,0.6397773282178573,-0.12387233816510054,False,False,1
1,1,0,-0.47447750371563996,0.8354181958165553,False,False,0
1,1,0,0.5701364012220137,3.4260280147622253,False,False,0
1,1,0,1.6843912331555109,0.7476401149718146,False,False,0
1,0,0,0.4308545472303265,-0.08835631470910583,False,False,0
1,1,1,0.4308545472303265,-0.18331399277536223,False,True,1
1,0,1,0.013008985255265075,-0.15886442089516364,False,False,1
1,1,0,-0.4048365767197964,4.062614597086441,False,True,0
1,1,0,-0.12627286873642207,4.062614597086441,False,True,0
1,1,0,-0.47447750371563996,4.062614597086441,False,True,0
1,0,1,-0.7530412116990143,4.062614597086441,False,True,1
1,0,1,2.3808005031139468,4.062614597086441,False,True,1
1,1,0,2.102236795130572,4.062614597086441,False,True,0
1,1,0,0.013008985255265075,0.3647461091125116,False,False,0
1,1,1,1.4058275251721364,1.7414739539204698,False,True,1
1,1,1,0.9183410362012315,-0.15938839751039616,False,False,1
1,1,0,-0.5441184307114836,0.23143172635712067,False,False,0
1,1,1,2.102236795130572,0.7643877890456169,False,False,1
1,1,0,1.2665456711804493,0.7643877890456169,False,False,0
1,0,1,0.5004954742261701,0.29603244105431614,False,True,1
1,1,0,0.36121362023448295,0.29603244105431614,False,True,0
1,0,1,1.1969047441846057,0.0340405714249309,False,True,1
1,1,0,0.36121362023448295,3.1384650989948244,False,False,0
1,1,0,-0.5441184307114836,0.40908379271306716,False,False,0
1,1,0,1.0576228901929186,0.40908379271306716,False,False,0
1,0,1,-0.4048365767197964,0.7643877890456169,False,False,1
1,1,1,1.3361865981762928,0.9421152929175831,False,False,1
1,0,1,2.8682869920848515,-0.034970938352476666,False,False,1
1,1,1,1.6147503061596673,-0.145405933058878,False,False,1
1,1,0,-0.7530412116990143,-0.11848895738630666,False,True,0
1,0,1,0.5701364012220137,2.097002340929016,False,True,1
1,1,0,1.9629549411388851,2.097002340929016,False,True,0
1,1,1,-0.47447750371563996,0.4801140631046622,False,False,1
1,1,0,1.0576228901929186,0.4801140631046622,False,False,0
1,0,1,1.1272638171887621,0.7643877890456169,False,False,1
1,1,1,-0.3351956497239528,0.33805345592626534,False,False,1
1,1,0,-0.3351956497239528,0.33805345592626534,False,False,0
1,1,1,1.2665456711804493,0.7200502436188697,False,False,1
1,1,0,1.3361865981762928,0.7200502436188697,False,False,0
1,0,1,1.0576228901929186,0.8411011984238858,False,True,1
1,1,0,0.36121362023448295,0.8411011984238858,False,True,0
1,0,1,0.7094182552137008,-0.6568284708377332,False,True,1
1,1,1,-0.19591379573226564,0.7200502436188697,False,False,1
1,1,0,-0.4048365767197964,0.8354181958165553,False,False,0
1,0,1,1.7540321601513544,1.02099634608588,False,True,1
1,1,0,1.5451093791638237,1.02099634608588,False,True,0
1,0,1,0.848700109205388,0.10581917321845445,False,True,1
1,0,1,1.7540321601513544,0.24040405158131112,False,True,1
1,1,0,-0.961963992686545,0.38358797952205625,False,False,0
1,1,0,0.9879819631970751,0.38358797952205625,False,False,0
1,1,0,1.47546845216798,0.7421059309395827,False,True,0
1,0,1,0.848700109205388,0.2762933524780729,False,True,1
1,1,0,0.36121362023448295,0.2762933524780729,False,True,0
1,1,1,0.36121362023448295,-0.1803980157889411,False,False,1
1,1,1,0.5701364012220137,0.9581900695165468,False,True,1
1,1,0,0.36121362023448295,0.9581900695165468,False,True,0
1,0,0,1.4058275251721364,-0.1415927020164572,False,False,0
1,1,1,1.3361865981762928,-0.6568284708377332,False,True,1
1,0,1,1.1272638171887621,-0.1902675591798302,False,True,1
1,0,1,1.4058275251721364,-0.1902675591798302,False,True,1
1,0,1,0.187111302744874,3.1384650989948244,False,False,1
1,0,1,1.9629549411388851,-0.12387233816510054,False,False,1
1,0,1,0.7790591822095444,0.2738259486857002,False,True,1
1,1,1,0.848700109205388,0.28623826340084524,False,True,1
1,1,0,1.0576228901929186,0.28623826340084524,False,True,0
1,1,0,0.6397773282178573,3.1355489856290597,False,True,0
1,1,0,1.3361865981762928,-0.19153805478729594,False,True,0
1,1,0,0.013008985255265075,1.2529310069651542,False,False,0
1,1,1,0.36121362023448295,8.536740368332499,False,False,1
1,0,1,0.848700109205388,-0.1803980157889411,False,True,1
1,1,0,1.7540321601513544,-0.15938839751039616,False,False,0
1,1,0,-0.961963992686545,0.050190783745449406,False,True,0
1,1,0,1.47546845216798,0.050190783745449406,False,True,0
1,0,1,-0.0566319417405785,-0.11848895738630666,False,True,1
1,1,0,-0.6137593577073271,0.7421059309395827,False,True,0
1,0,1,0.013008985255265075,0.15965312456359712,False,True,1
1,1,0,1.9629549411388851,1.9724360326900927,False,False,0
1,1,0,-1.0316049196823887,3.1355489856290597,False,True,0
1,0,1,0.013008985255265075,-0.1902675591798302,False,True,1
1,1,0,-0.961963992686545,0.8953837929472137,False,True,0
1,0,1,-0.7530412116990143,0.29603244105431614,False,True,1
1,1,0,-0.8226821386948578,0.29603244105431614,False,True,0
1,1,0,-0.4048365767197964,0.23150709388900384,False,False,0
1,0,1,1.1272638171887621,0.6933575204484868,False,False,1
1,0,1,1.6843912331555109,0.2738259486857002,False,True,1
1,1,1,0.4308545472303265,-0.18510846499806055,False,True,1
1,0,1,-0.12627286873642207,0.8176977996648278,False,False,1
1,0,1,2.45044143010979,-0.1803980157889411,False,True,1
1,0,1,0.9879819631970751,0.9581900695165468,True,False,1
1,1,0,0.2219317662427958,0.9581900695165468,True,False,0
1,1,0,0.5004954742261701,0.9581900695165468,True,False,0
1,1,1,0.013008985255265075,0.379475092556263,False,False,1
1,0,1,1.7540321601513544,-0.10951663216211621,False,True,1
1,0,1,1.1969047441846057,0.10402473509059207,False,True,1
1,0,1,0.5004954742261701,-0.12387233816510054,False,False,1
1,1,0,0.08264991225110865,1.3758518445919128,False,False,0
1,1,0,-0.47447750371563996,1.3758518445919128,False,False,0
1,0,1,1.9629549411388851,1.3758518445919128,False,False,1
1,1,0,-0.7530412116990143,-0.1851838325299437,False,True,0
1,0,1,2.3808005031139468,-0.1902675591798302,False,True,1
1,1,0,0.6397773282178573,1.2973439988802464,False,False,0
1,1,0,-0.5441184307114836,0.45536658131557983,False,False,0
1,0,1,2.45044143010979,0.45536658131557983,False,False,1
1,0,1,-0.09145240523850029,-0.15938839751039616,False,False,1
1,0,1,1.0924433536908404,-0.145405933058878,False,True,1
1,0,1,-0.47447750371563996,1.02099634608588,False,True,1
1,0,1,-0.0566319417405785,0.5382852221074583,False,True,1
1,1,0,-0.5441184307114836,0.5382852221074583,False,True,0
1,0,1,-0.8226821386948578,1.2973439988802464,False,False,1
1,1,0,-0.8923230656907014,1.2973439988802464,False,False,0
1,1,0,0.013008985255265075,1.02099634608588,False,True,0
1,1,1,1.5451093791638237,-0.10951663216211621,False,True,1
1,0,1,1.1969047441846057,0.2762933524780729,False,True,1
1,1,0,1.823673087147198,0.8354181958165553,False,False,0
1,0,1,0.5701364012220137,-0.6568284708377332,False,True,1
1,0,1,-0.5441184307114836,1.7770637047672966,False,False,1
1,1,0,0.9183410362012315,3.1355489856290597,False,True,0
1,0,1,0.08264991225110865,0.24930100927361842,False,True,1
1,1,1,1.0576228901929186,-0.1803980157889411,False,True,1
1,1,0,0.2219317662427958,-0.15938839751039616,False,False,0
1,0,1,1.1272638171887621,0.7643877890456169,False,False,1
1,0,1,0.4308545472303265,0.06320062840354984,False,False,1
1,1,0,0.2219317662427958,0.8953837929472137,False,True,0
1,0,1,1.7540321601513544,0.40908379271306716,False,False,1
1,1,0,1.6843912331555109,0.40908379271306716,False,False,0
1,0,1,0.2219317662427958,-0.1803980157889411,False,True,1
1,1,1,-1.1708867736740758,4.051399190556202,False,False,1
1,1,0,-0.8226821386948578,4.051399190556202,False,False,0
1,1,0,-0.6137593577073271,4.051399190556202,False,False,0
1,0,1,2.171877722126416,4.051399190556202,False,False,1
1,1,0,1.2665456711804493,4.051399190556202,False,False,0
1,1,0,-0.4048365767197964,0.5867358608634787,False,False,0
1,1,0,0.36121362023448295,0.379475092556263,False,False,0
1,1,0,0.013008985255265075,-0.10054430693792576,False,False,0
1,1,1,0.2915726932386394,-0.1803980157889411,False,True,1
1,1,0,0.7094182552137008,2.097002340929016,False,True,0
1,1,1,0.36121362023448295,-0.18510846499806055,False,True,1
1,0,1,1.4058275251721364,0.3462775161437341,False,True,1
1,1,0,0.6397773282178573,0.3462775161437341,False,True,0
1,1,1,1.823673087147198,-0.019793379920211768,False,False,1
1,1,1,-0.12627286873642207,-0.019793379920211768,False,True,1
1,0,1,1.823673087147198,-0.1803980157889411,False,True,1
1,0,1,1.823673087147198,-0.10600305524860286,False,False,1
1,0,1,-0.4048365767197964,0.41985055606512,False,True,1
1,1,0,-0.8226821386948578,0.41985055606512,False,True,0
1,1,1,-0.4048365767197964,0.8194187167653382,False,True,1
1,1,0,-0.47447750371563996,0.8194187167653382,False,True,0
1,1,1,-1.6583732626449808,1.7567270144694964,False,False,1
1,1,1,1.0576228901929186,1.7567270144694964,False,False,1
1,1,0,0.7094182552137008,1.7567270144694964,False,False,0
1,0,1,1.8933140141430416,1.9724360326900927,False,False,1
1,1,1,0.15229083924695222,-0.10951663216211621,False,False,1
1,0,1,2.241518649122259,-0.1803980157889411,False,True,1
1,1,1,1.6843912331555109,0.33805345592626534,False,False,1
1,1,0,0.9183410362012315,0.33805345592626534,False,False,0
1,1,0,1.5451093791638237,0.7476401149718146,False,False,0
1,0,1,2.5897232841014772,3.322921839607073,False,True,1
1,0,0,2.311159576118103,3.322921839607073,False,True,0
1,0,1,2.171877722126416,-0.07684299826998392,False,True,1
1,1,0,1.2665456711804493,-0.19153805478729594,False,True,0
1,1,0,-0.8226821386948578,0.7724629642927803,False,True,0
1,0,1,1.5451093791638237,0.7724629642927803,False,True,1
1,1,0,0.6397773282178573,0.7724629642927803,False,True,0
1,1,1,1.2665456711804493,0.2762933524780729,False,True,1
1,0,1,1.3361865981762928,1.33293360616987,False,False,1
1,1,1,-0.8923230656907014,1.33293360616987,False,False,1
1,1,0,0.6397773282178573,1.33293360616987,False,False,0
1,1,1,0.08264991225110865,-0.14473300148920354,False,False,1
1,0,1,0.7094182552137008,-0.15938839751039616,False,False,1
1,0,1,2.171877722126416,-0.05568268081697354,False,True,1
1,0,1,1.1969047441846057,-0.046337079946481154,False,True,1
1,1,0,0.36121362023448295,8.536740368332499,False,False,0
1,0,1,2.3808005031139468,0.6935064754029286,False,False,1
1,1,0,2.102236795130572,0.6935064754029286,False,False,0
1,0,1,2.102236795130572,-0.1803980157889411,False,True,1
1,0,1,1.6843912331555109,0.730068673774529,False,True,1
1,0,1,-0.6137593577073271,0.730068673774529,False,True,1
1,1,0,1.7540321601513544,1.7770637047672966,False,False,0
1,1,0,0.08264991225110865,2.301646813295694,False,True,0
1,0,1,1.8933140141430416,2.301646813295694,False,True,1
1,1,0,1.0576228901929186,2.301646813295694,False,True,0
1,0,1,1.4058275251721364,3.1384650989948244,False,False,1
1,0,1,-0.19591379573226564,3.1384650989948244,False,False,1
1,1,0,1.4058275251721364,3.1384650989948244,False,False,0
1,1,0,-0.6137593577073271,-0.1803980157889411,False,True,0
1,0,1,1.47546845216798,0.4445998179635269,False,False,1
1,1,1,-0.6137593577073271,0.4445998179635269,False,False,1
1,1,0,0.08264991225110865,1.7567270144694964,False,False,0
1,0,1,2.241518649122259,-0.1803980157889411,False,True,1
1,1,0,0.4308545472303265,1.7770637047672966,False,False,0
2,0,1,0.013008985255265075,-0.226156860076592,False,False,2
2,1,0,-0.12627286873642207,-0.226156860076592,False,False,0
2,0,1,0.013008985255265075,-0.42354801500878175,False,True,2
2,0,1,-0.8226821386948578,-0.4504649906813531,False,True,2
2,0,1,-0.3351956497239528,-0.468409641129734,False,True,2
2,0,1,0.2915726932386394,-0.1902675591798302,False,True,2
2,1,0,0.4308545472303265,-0.1902675591798302,False,True,0
2,0,1,1.8933140141430416,-0.42354801500878175,False,True,2
2,0,1,-0.8226821386948578,-0.4504649906813531,False,True,2
2,0,1,-0.47447750371563996,-0.468409641129734,False,True,2
2,1,0,0.4308545472303265,-0.42354801500878175,False,True,0
2,0,1,-0.12627286873642207,-0.468409641129734,False,True,2
2,0,1,1.47546845216798,-0.43207173114962283,False,True,2
2,1,1,0.15229083924695222,-0.1902675591798302,False,True,2
2,1,0,-0.7530412116990143,-0.1902675591798302,False,True,0
2,0,1,-0.12627286873642207,-0.1902675591798302,False,True,2
2,1,1,-2.0065778976241986,0.04301289664912134,False,True,2
2,1,0,-1.797655116636668,0.04301289664912134,False,True,0
2,1,0,-1.2405277006699194,0.04301289664912134,False,True,0
2,1,0,0.4308545472303265,0.04301289664912134,False,True,0
2,1,1,0.2915726932386394,-0.42354801500878175,False,True,2
2,1,0,-0.7530412116990143,-0.42354801500878175,False,True,0
2,0,1,-0.47447750371563996,-0.42354801500878175,False,True,2
2,0,1,-0.2655547227281092,-0.42354801500878175,False,True,2
2,0,1,0.848700109205388,-0.42354801500878175,False,True,2
2,0,1,-0.19591379573226564,-0.42354801500878175,False,True,2
2,1,0,-0.4048365767197964,-0.42354801500878175,False,True,0
2,1,0,-1.0316049196823887,0.04301289664912134,False,True,0
2,0,1,2.102236795130572,0.04301289664912134,False,True,2
2,1,0,0.7094182552137008,0.04301289664912134,False,True,0
2,1,0,-0.6834002847031707,-0.1902675591798302,False,True,0
2,0,1,-0.3351956497239528,-0.1902675591798302,False,True,2
2,1,0,0.4308545472303265,-0.42354801500878175,False,True,0
2,0,1,-0.3351956497239528,-0.42354801500878175,False,True,2
2,0,1,0.848700109205388,-0.42354801500878175,False,True,2
2,1,0,0.848700109205388,-0.42354801500878175,False,True,0
2,1,1,-2.0181870405722515,-0.13643360783468755,False,True,2
2,1,1,-0.2655547227281092,-0.13643360783468755,False,True,2
2,1,0,-0.5441184307114836,-0.13643360783468755,False,True,0
2,1,0,0.36121362023448295,-0.27999081142173465,False,True,0
2,0,1,-0.7530412116990143,-0.42354801500878175,False,True,2
2,0,0,0.9879819631970751,-0.1902675591798302,False,True,0
2,0,1,1.6843912331555109,-0.1902675591798302,False,True,2
2,0,1,1.5451093791638237,-0.4145756897845913,False,True,2
2,0,1,0.5004954742261701,-0.1902675591798302,False,True,2
2,0,0,-0.0566319417405785,-0.1902675591798302,False,True,0
2,1,0,-0.3351956497239528,-0.11848895738630666,False,True,0
2,1,0,1.0576228901929186,-0.11848895738630666,False,True,0
2,0,1,-0.0566319417405785,-0.1902675591798302,False,True,2
2,1,0,-0.12627286873642207,-0.1902675591798302,False,True,0
2,0,1,-0.0566319417405785,-0.468409641129734,False,True,2
2,0,1,-0.12627286873642207,-0.42354801500878175,False,True,2
2,1,1,-0.4048365767197964,-0.468409641129734,False,True,2
2,1,0,-1.5190914086532936,-0.18578139656773499,False,True,0
2,0,1,0.08264991225110865,-0.18578139656773499,False,True,2
2,1,0,0.08264991225110865,-0.18578139656773499,False,True,0
2,1,0,-0.5441184307114836,-0.468409641129734,False,True,0
2,0,0,0.013008985255265075,-0.42354801500878175,False,True,0
2,0,1,-0.6137593577073271,-0.4504649906813531,False,True,2
2,1,1,-1.5190914086532936,0.0026374331402643455,False,True,2
2,0,1,-0.8226821386948578,0.6621033371182621,False,True,2
2,1,0,1.2665456711804493,0.0026374331402643455,False,True,0
2,1,0,-0.12627286873642207,-0.42354801500878175,False,True,0
2,0,1,0.15229083924695222,-0.42354801500878175,False,True,2
2,0,1,-0.8923230656907014,0.6621033371182621,False,True,2
2,0,1,-0.0566319417405785,-0.15938839751039616,False,False,2
2,1,0,-0.4048365767197964,-0.15938839751039616,False,False,0
2,0,1,-0.3351956497239528,-0.09157198171373532,False,True,2
2,0,1,-0.8226821386948578,0.6621033371182621,False,True,2
2,1,0,-0.8226821386948578,-0.24410151052497286,False,True,0
2,1,0,0.2915726932386394,-0.24410151052497286,False,True,0
2,0,1,1.6843912331555109,-0.1902675591798302,False,True,2
2,1,1,-1.5190914086532936,-0.07362733126535444,False,True,2
2,0,1,0.848700109205388,-0.07362733126535444,False,True,2
2,1,0,0.2915726932386394,-0.07362733126535444,False,True,0
2,1,0,-0.19591379573226564,-0.4081461179400063,False,False,0
2,1,0,0.013008985255265075,-0.4081461179400063,False,False,0
2,0,1,-0.47447750371563996,-0.42354801500878175,False,True,2
2,0,1,-0.6137593577073271,-0.42354801500878175,False,True,2
2,0,1,-0.8226821386948578,-0.42354801500878175,False,True,2
2,0,1,0.7094182552137008,-0.1902675591798302,False,True,2
2,1,0,-0.0566319417405785,-0.1902675591798302,False,True,0
2,0,1,-0.8226821386948578,-0.468409641129734,False,True,2
2,0,1,0.4308545472303265,-0.42354801500878175,False,True,2
2,0,0,0.5701364012220137,-0.42354801500878175,False,True,0
2,0,1,0.36121362023448295,-0.1902675591798302,False,True,2
2,0,1,0.5701364012220137,-0.27999081142173465,False,True,2
2,0,1,0.2915726932386394,-0.27999081142173465,False,True,2
2,1,0,0.2915726932386394,-0.42354801500878175,False,True,0
2,0,1,-0.961963992686545,-0.1902675591798302,False,True,2
2,0,1,-0.2655547227281092,-0.468409641129734,False,True,2
2,0,1,1.1969047441846057,-0.468409641129734,False,True,2
2,0,1,-0.6137593577073271,-0.4504649906813531,False,True,2
2,0,1,-0.6137593577073271,-0.4504649906813531,False,True,2
2,0,1,-0.4048365767197964,-0.4145756897845913,False,True,2
2,0,1,-0.4048365767197964,-0.42354801500878175,False,True,2
2,0,1,0.2915726932386394,-0.42354801500878175,False,True,2
2,0,1,0.013008985255265075,-0.42354801500878175,False,True,2
2,0,1,1.5451093791638237,-0.42354801500878175,False,True,2
2,0,1,0.013008985255265075,-0.42354801500878175,False,True,2
2,1,1,-2.0297892181740678,-0.3966310393362104,False,True,2
2,1,0,-0.4048365767197964,-0.3966310393362104,False,True,0
2,0,1,0.9879819631970751,-0.42354801500878175,False,True,2
2,1,0,-1.6583732626449808,-0.06465500604116399,False,True,0
2,0,1,-0.12627286873642207,-0.06465500604116399,False,True,2
2,1,1,2.241518649122259,-0.468409641129734,False,True,2
2,0,1,0.013008985255265075,-0.468409641129734,False,True,2
2,1,0,-1.5887323356491372,-0.18578139656773499,False,True,0
2,0,1,0.9183410362012315,-0.18578139656773499,False,True,2
2,1,0,1.0576228901929186,-0.18578139656773499,False,True,0
2,1,0,-0.4048365767197964,0.5095738083070246,False,True,0
2,1,0,-0.4048365767197964,0.5095738083070246,False,True,0
2,0,1,1.3361865981762928,0.5095738083070246,False,True,2
2,1,0,1.2665456711804493,0.5095738083070246,False,True,0
2,1,0,1.7540321601513544,-0.3697140636636391,False,True,0
2,0,1,-0.4048365767197964,0.6621033371182621,False,True,2
2,0,1,0.15229083924695222,0.6621033371182621,False,True,2
2,0,1,-0.6137593577073271,0.6621033371182621,False,True,2
2,0,0,-0.8226821386948578,-0.42354801500878175,False,True,0
2,1,0,-0.6834002847031707,-0.24410151052497286,False,True,0
2,0,1,-0.47447750371563996,-0.4504649906813531,False,True,2
2,0,1,0.4308545472303265,-0.42354801500878175,False,True,2
2,1,0,1.6843912331555109,-0.24410151052497286,False,True,0
2,0,1,1.4058275251721364,-0.42354801500878175,False,True,2
2,0,1,0.9879819631970751,-0.1902675591798302,False,True,2
2,1,0,-0.0566319417405785,-0.1902675591798302,False,True,0
2,0,1,-0.6137593577073271,0.6621033371182621,False,True,2
2,1,1,0.848700109205388,-0.42354801500878175,False,True,2
2,0,1,2.311159576118103,-0.1902675591798302,False,True,2
2,0,0,2.102236795130572,-0.1902675591798302,False,True,0
2,0,1,0.2219317662427958,-0.43655789376171805,False,True,2
2,1,0,-0.8923230656907014,-0.468409641129734,False,True,0
2,0,1,0.848700109205388,-0.17232290873144931,False,True,2
2,1,0,-0.4048365767197964,-0.17232290873144931,False,True,0
2,0,1,1.1969047441846057,-0.38765871411201996,False,True,2
2,0,1,-0.4048365767197964,-0.09157198171373532,False,True,2
2,0,1,-0.5441184307114836,-0.09157198171373532,False,True,2
2,0,1,0.15229083924695222,-0.468409641129734,False,True,2
2,1,0,-0.47447750371563996,-0.4093412280709384,False,False,0
2,0,1,0.2915726932386394,-0.1902675591798302,False,True,2
2,1,0,-0.4048365767197964,-0.1902675591798302,False,True,0
2,0,0,-0.5441184307114836,-0.27999081142173465,False,True,0
2,0,1,0.36121362023448295,-0.4352120306223692,True,False,2
2,1,0,1.0576228901929186,-0.4145756897845913,False,True,0
2,0,1,1.8933140141430416,-0.4352120306223692,True,False,2
2,0,1,0.08264991225110865,-0.468409641129734,False,True,2
2,0,0,-0.2655547227281092,-0.1902675591798302,False,True,0
2,0,1,0.013008985255265075,-0.1902675591798302,False,True,2
2,1,0,-2.0065778976241986,0.08929575164684067,False,False,0
2,1,0,-1.8672960436325117,0.08929575164684067,False,False,0
2,0,1,-0.3351956497239528,0.08929575164684067,False,False,2
2,1,0,-0.5441184307114836,0.08929575164684067,False,False,0
2,1,0,-0.8923230656907014,-0.44149266545716265,False,False,0
2,1,0,0.2915726932386394,-0.468409641129734,False,True,0
2,0,1,0.4308545472303265,-0.42579109631482936,False,False,2
2,0,1,-0.4048365767197964,-0.468409641129734,False,True,2
2,0,1,2.171877722126416,-0.4352120306223692,True,False,2
2,0,1,1.4058275251721364,-0.1902675591798302,False,True,2
2,1,0,0.848700109205388,-0.1902675591798302,False,True,0
2,0,0,1.8933140141430416,-0.468409641129734,False,True,0
2,1,1,-2.0065778976241986,0.00719896328424272,False,False,2
2,0,1,0.08264991225110865,0.00719896328424272,False,False,2
2,1,0,-0.4048365767197964,0.00719896328424272,False,False,0
2,0,1,0.013008985255265075,-0.42354801500878175,False,True,2
2,0,1,0.7094182552137008,-0.3697140636636391,False,True,2
2,0,1,0.15229083924695222,-0.4145756897845913,False,True,2
2,0,1,0.013008985255265075,-0.42354801500878175,False,True,2
2,0,1,1.1272638171887621,-0.1902675591798302,False,True,2
2,1,0,-1.1708867736740758,-0.306907787094306,False,True,0
2,1,0,0.7790591822095444,-0.306907787094306,False,True,0
2,1,1,-0.7530412116990143,-0.468409641129734,False,True,2
2,0,1,0.6397773282178573,-0.42354801500878175,False,True,2
2,0,1,1.2665456711804493,-0.42354801500878175,False,True,2
2,0,1,2.798646065089008,-0.468409641129734,False,True,2
2,0,1,-0.19591379573226564,-0.42354801500878175,False,True,2
2,0,1,1.6843912331555109,-0.40560336456040086,False,True,2
2,0,1,0.6397773282178573,-0.1902675591798302,False,True,2
2,0,1,-0.961963992686545,-0.468409641129734,False,True,2
2,0,1,2.241518649122259,-0.48298966961904344,True,False,2
2,0,1,0.187111302744874,-0.11721846177884092,False,False,2
2,1,0,-1.1012458466782322,-0.11721846177884092,False,False,0
2,1,1,-1.9369369706283552,-0.1902675591798302,False,True,2
2,1,1,-1.8672960436325117,-0.1902675591798302,False,True,2
2,0,1,0.4656750107282483,-0.1902675591798302,False,True,2
2,0,1,-0.2655547227281092,-0.42354801500878175,False,True,2
2,0,1,-0.7530412116990143,0.0026374331402643455,False,True,2
2,0,1,-0.12627286873642207,-0.4145756897845913,False,True,2
2,1,1,-0.6834002847031707,-0.4080707504081232,False,False,2
2,1,0,-0.0566319417405785,-0.468409641129734,False,True,0
2,0,1,0.6397773282178573,-0.42354801500878175,False,True,2
2,1,1,-0.5441184307114836,-0.468409641129734,False,True,2
2,0,1,-0.47447750371563996,-0.468409641129734,False,True,2
2,1,1,-0.0566319417405785,-0.4081461179400063,False,False,2
2,0,1,-0.12627286873642207,-0.468409641129734,False,True,2
2,1,0,1.4058275251721364,-0.1902675591798302,False,True,0
2,0,1,-0.7530412116990143,-0.468409641129734,False,True,2
2,0,1,0.7790591822095444,-0.42354801500878175,False,True,2
2,1,0,-0.6137593577073271,-0.27999081142173465,False,True,0
2,1,0,-0.7530412116990143,-0.1902675591798302,False,True,0
2,0,1,0.9183410362012315,-0.27999081142173465,False,True,2
2,1,0,0.15229083924695222,-0.42354801500878175,False,True,0
2,0,1,0.2915726932386394,-0.42354801500878175,False,True,2
2,1,1,0.013008985255265075,-0.4282584821625517,False,False,2
2,0,1,-0.19591379573226564,-0.3870611500742287,False,False,2
2,1,0,-1.9369369706283552,-0.1902675591798302,False,True,0
2,1,0,-1.5190914086532936,-0.1902675591798302,False,True,0
2,1,0,0.2219317662427958,-0.1902675591798302,False,True,0
2,0,1,0.4308545472303265,-0.468409641129734,False,True,2
2,0,1,0.2915726932386394,-0.27999081142173465,False,True,2
2,1,0,0.013008985255265075,-0.27999081142173465,False,True,0
2,1,0,-0.12627286873642207,-0.42354801500878175,False,True,0
2,0,1,-0.47447750371563996,-0.38683684553255404,False,False,2
2,1,1,-2.0181870405722515,-0.32036627493059167,False,True,2
2,1,1,-1.8672960436325117,-0.32036627493059167,False,True,2
2,1,0,-0.4048365767197964,-0.32036627493059167,False,True,0
2,1,0,1.4058275251721364,-0.468409641129734,False,True,0
2,0,1,-0.7530412116990143,-0.468409641129734,False,True,2
2,1,0,-0.6137593577073271,-0.468409641129734,False,True,0
2,0,1,-0.2655547227281092,-0.42354801500878175,False,True,2
2,0,1,-0.3351956497239528,-0.42354801500878175,False,True,2
2,0,1,-0.19591379573226564,-0.1902675591798302,False,True,2
2,1,0,-0.3351956497239528,-0.1902675591798302,False,True,0
2,1,0,-0.8226821386948578,-0.42354801500878175,False,True,0
2,1,0,-0.6834002847031707,0.0026374331402643455,False,True,0
2,1,0,0.013008985255265075,-0.42354801500878175,False,True,0
2,0,1,2.0325958681347287,-0.4145756897845913,False,True,2
2,1,0,0.013008985255265075,-0.4352120306223692,True,False,0
2,0,1,0.36121362023448295,-0.468409641129734,False,True,2
2,1,0,0.7094182552137008,-0.42354801500878175,False,True,0
2,0,1,-0.3351956497239528,-0.42354801500878175,False,True,2
2,0,1,0.7790591822095444,-0.38683684553255404,False,False,2
2,0,1,-0.3351956497239528,-0.468409641129734,False,True,2
2,0,1,-0.7878616751969361,-0.42354801500878175,False,True,2
2,0,1,-1.1012458466782322,0.5095738083070246,False,True,2
2,1,0,1.4058275251721364,-0.468409641129734,False,True,0
2,0,1,-0.47447750371563996,-0.42354801500878175,False,True,2
2,1,0,-0.12627286873642207,-0.4298286498435752,False,True,0
2,1,0,-0.19591379573226564,-0.468409641129734,False,True,0
2,0,1,-0.0566319417405785,-0.27999081142173465,False,True,2
2,0,0,-0.19591379573226564,-0.27999081142173465,False,True,0
2,0,1,0.7094182552137008,-0.42354801500878175,False,True,2
2,1,0,0.08264991225110865,-0.27999081142173465,False,True,0
2,0,1,0.013008985255265075,-0.27999081142173465,False,True,2
2,0,1,-0.47447750371563996,-0.468409641129734,False,True,2
2,1,0,0.08264991225110865,-0.27999081142173465,False,True,0
2,1,0,-1.2405277006699194,-0.3742002262757343,False,True,0
2,1,0,0.7094182552137008,-0.3742002262757343,False,True,0
2,1,0,0.187111302744874,-0.42354801500878175,False,True,0
2,0,1,-0.19591379573226564,-0.1902675591798302,False,True,2
2,1,0,-0.0566319417405785,-0.1902675591798302,False,True,0
2,1,1,-1.9369369706283552,-0.24410151052497286,False,True,2
2,1,0,-1.797655116636668,-0.24410151052497286,False,True,0
2,1,0,-0.0566319417405785,-0.24410151052497286,False,True,0
2,1,0,-2.012378986425107,-0.15886442089516364,False,True,0
2,1,0,-1.7280141896408245,-0.15886442089516364,False,True,0
2,0,1,0.4308545472303265,-0.15886442089516364,False,True,2
2,1,0,0.2219317662427958,-0.15886442089516364,False,True,0
2,0,1,2.520082357105634,-0.468409641129734,False,True,2
2,1,1,0.08264991225110865,-0.42354801500878175,False,True,2
2,1,0,-0.2655547227281092,-0.4145756897845913,False,True,0
2,0,0,-0.4048365767197964,-0.42354801500878175,False,True,0
3,0,1,0.848700109205388,-0.5213463565429739,False,True,3
3,0,1,-1.1708867736740758,-0.2934492992580203,False,True,3
3,0,1,-0.961963992686545,-0.2934492992580203,False,True,3
3,1,0,0.36121362023448295,-0.2934492992580203,False,True,0
3,1,0,-0.961963992686545,-0.5195518931131544,False,True,0
3,1,1,-0.3351956497239528,-0.5195518931131544,False,True,3
3,1,1,-0.6834002847031707,-0.5146171126248311,False,True,3
3,1,0,-0.8226821386948578,-0.5271030057902096,False,False,0
3,0,1,0.013008985255265075,-0.5267297550869717,False,True,3
3,0,1,-0.2655547227281092,-0.5123740313187835,False,True,3
3,0,0,0.7094182552137008,-0.4868029010203572,False,True,0
3,1,1,-2.0181870405722515,-0.48904598232640484,False,True,3
3,1,0,-0.8226821386948578,-0.48904598232640484,False,True,0
3,1,1,-0.2655547227281092,-0.3196933433609172,False,False,3
3,0,1,-0.2655547227281092,-0.5152900438356125,False,True,3
3,0,1,-0.6834002847031707,-0.5146171126248311,False,True,3
3,0,1,-0.4048365767197964,-0.5303186817671643,False,True,3
3,0,1,-0.3351956497239528,-0.5303186817671643,False,True,3
3,0,1,0.36121362023448295,-0.5123740313187835,False,True,3
3,0,1,-0.8226821386948578,-0.5078878687066882,False,True,3
3,0,1,0.15229083924695222,-0.25262522666581394,False,True,3
3,1,0,-0.7530412116990143,-0.5158875992599716,False,True,0
3,0,1,-1.797655116636668,-0.09560953524248118,False,True,3
3,0,0,-1.6583732626449808,-0.09560953524248118,False,True,0
3,0,0,-1.9369369706283552,-0.09560953524248118,False,True,0
3,1,0,-0.8923230656907014,-0.5146171126248311,False,True,0
3,0,0,0.5701364012220137,-0.5173088118071067,False,True,0
3,0,0,-1.44945048165745,-0.09560953524248118,False,True,0
3,0,0,-1.310168627665763,-0.09560953524248118,False,True,0
3,0,1,0.6397773282178573,-0.09560953524248118,False,True,3
3,1,1,-0.19591379573226564,-0.5169355611038688,False,True,3
3,0,1,-0.2655547227281092,-0.5173088118071067,False,True,3
3,0,0,0.6397773282178573,-0.09560953524248118,False,True,0
3,0,1,-0.6834002847031707,-0.5158875992599716,False,True,3
3,0,1,-0.2655547227281092,-0.5151410978534958,False,True,3
3,0,1,-0.3351956497239528,-0.3374137072122739,False,True,3
3,0,0,-0.8226821386948578,-0.3374137072122739,False,True,0
3,0,1,-0.4048365767197964,-0.5173088118071067,False,True,3
3,0,1,0.36121362023448295,-0.5303186817671643,False,True,3
3,0,1,-1.7280141896408245,-0.09359074053345778,False,True,3
3,0,1,-1.44945048165745,-0.09359074053345778,False,True,3
3,1,1,-1.8672960436325117,-0.09359074053345778,False,True,3
3,0,1,-1.1708867736740758,-0.09359074053345778,False,True,3
3,1,0,-1.7280141896408245,-0.09359074053345778,False,True,0
3,0,1,0.7094182552137008,-0.09359074053345778,False,True,3
3,1,1,-0.47447750371563996,-0.5169355611038688,False,True,3
3,1,0,0.5701364012220137,-0.09359074053345778,False,True,0
3,1,0,1.0576228901929186,-0.5271783731426464,False,False,0
3,0,1,-0.6137593577073271,-0.5271783731426464,False,False,3
3,0,1,-0.47447750371563996,-0.5303186817671643,False,True,3
3,0,0,-0.8923230656907014,-0.39737933843776807,False,False,0
3,0,1,0.013008985255265075,-0.5271783731426464,False,False,3
3,0,1,-0.47447750371563996,-0.5158875992599716,False,True,3
3,1,0,-1.1708867736740758,-0.5271030057902096,False,False,0
3,0,1,-0.6834002847031707,-0.5271783731426464,False,False,3
3,0,1,0.15229083924695222,-0.37240575405303605,False,True,3
3,1,0,0.2219317662427958,-0.37240575405303605,False,True,0
3,1,0,-2.0239881293731594,-0.31124499475195927,False,False,0
3,1,0,-2.0239881293731594,-0.31124499475195927,False,False,0
3,1,0,-1.7280141896408245,-0.31124499475195927,False,False,0
3,1,0,-0.4048365767197964,-0.31124499475195927,False,False,0
3,1,0,-0.8226821386948578,-0.5123740313187835,False,True,0
3,0,1,0.7094182552137008,-0.5271783731426464,False,False,3
3,0,1,-0.2655547227281092,-0.5151410978534958,False,True,3
3,1,1,-0.6834002847031707,-0.5271030057902096,False,False,3
3,0,0,-0.8226821386948578,-0.3974529079156764,False,False,0
3,0,0,1.0576228901929186,-0.3974529079156764,False,False,0
3,0,0,-0.19591379573226564,-0.5154389813837436,True,False,0
3,0,1,-0.5441184307114836,-0.5123740313187835,False,True,3
3,0,1,-0.7530412116990143,-0.5123740313187835,False,True,3
3,0,1,-0.2655547227281092,-0.5173088118071067,False,True,3
3,0,1,-0.5441184307114836,-0.48904598232640484,False,True,3
3,0,1,-0.6834002847031707,-0.5848255643230884,False,False,3
3,1,1,0.15229083924695222,0.35696891196390373,False,True,3
3,0,1,-0.6137593577073271,-0.5173088118071067,False,True,3
3,0,1,-0.8226821386948578,-0.5177574298627813,False,True,3
3,0,1,-0.2655547227281092,-0.5151410978534958,False,True,3
3,0,1,-1.6583732626449808,-0.383247919031808,False,False,3
3,0,0,-1.44945048165745,-0.383247919031808,False,False,0
3,0,1,0.7094182552137008,-0.3786863888878295,True,False,3
3,0,0,0.15229083924695222,-0.3786863888878295,True,False,0
3,0,1,-0.6137593577073271,-0.36791959144094083,False,True,3
3,1,0,-0.5441184307114836,-0.5182060479184559,True,False,0
3,0,0,-0.6834002847031707,-0.5158875992599716,False,True,0
3,0,1,-0.0566319417405785,-0.5303940489401545,False,True,3
3,0,1,-0.5441184307114836,-0.5267297550869717,False,True,3
3,0,1,-0.5441184307114836,-0.5169355611038688,False,True,3
3,0,1,0.36121362023448295,-0.5123740313187835,False,True,3
3,0,0,-0.7878616751969361,-0.5261321996626127,True,False,0
3,1,1,-0.6137593577073271,-0.5164869516616265,True,False,3
3,0,1,-0.7530412116990143,-0.5357020803111622,True,False,3
3,0,0,-0.8226821386948578,-0.5154389813837436,True,False,0
3,0,0,-0.6137593577073271,-0.5013829295096666,False,True,0
3,0,0,0.013008985255265075,-0.5013829295096666,False,True,0
3,0,1,-0.8226821386948578,-0.5013829295096666,False,True,3
3,0,1,0.5701364012220137,-0.5013829295096666,False,True,3
3,0,1,-0.8923230656907014,-0.5013829295096666,False,True,3
3,0,1,-0.8923230656907014,-0.5013829295096666,False,True,3
3,0,0,-0.6137593577073271,-0.5177574298627813,True,False,0
3,0,1,-0.6137593577073271,-0.5177574298627813,True,False,3
3,0,1,-0.6137593577073271,-0.5123740313187835,False,True,3
3,0,1,-0.12627286873642207,-0.5169355611038688,False,True,3
3,0,1,-0.4048365767197964,-0.5158875992599716,False,True,3
3,1,0,-0.961963992686545,-0.5177574298627813,True,False,0
3,0,0,0.5004954742261701,-0.5177574298627813,True,False,0
3,0,1,-0.12627286873642207,-0.5267297550869717,False,True,3
3,0,1,-0.4048365767197964,-0.5123740313187835,False,True,3
3,0,1,-0.6137593577073271,-0.5180571017568927,True,False,3
3,1,1,0.15229083924695222,0.35696891196390373,False,True,3
3,0,1,-0.0566319417405785,-0.5123740313187835,False,True,3
3,0,1,-0.2655547227281092,-0.3974529079156764,False,False,3
3,0,1,-0.8226821386948578,-0.3974529079156764,False,False,3
3,0,1,-0.6834002847031707,-0.5303186817671643,False,True,3
3,1,1,-0.8226821386948578,-0.5123740313187835,False,True,3
3,0,1,-0.4048365767197964,-0.5267297550869717,True,False,3
3,0,1,0.4308545472303265,-0.5223189596478667,False,True,3
3,0,1,-0.4048365767197964,-0.5223189596478667,False,True,3
3,0,1,0.08264991225110865,-0.5180571017568927,True,False,3
3,0,1,0.08264991225110865,-0.5177574298627813,True,False,3
3,1,0,-0.5441184307114836,-0.5177574298627813,True,False,0
3,0,0,0.013008985255265075,-0.5199251439958388,True,False,0
3,0,1,2.83346652858693,-0.5177574298627813,True,False,3
3,0,1,0.9183410362012315,-0.5123740313187835,False,True,3
3,0,1,0.36121362023448295,-0.5151410978534958,False,True,3
3,0,1,-0.19591379573226564,-0.5151410978534958,False,True,3
3,0,1,-0.7530412116990143,-0.5151410978534958,False,True,3
3,0,1,0.013008985255265075,-0.5123740313187835,False,True,3
3,1,1,-1.44945048165745,-0.37150853588633737,False,True,3
3,1,1,-1.8672960436325117,-0.37150853588633737,False,True,3
3,1,0,0.4308545472303265,-0.37150853588633737,False,True,0
3,0,1,2.0325958681347287,-0.5267297550869717,False,True,3
3,0,1,-0.7530412116990143,-0.5104306219068472,False,True,3
3,1,0,-0.8923230656907014,-0.36791959144094083,False,True,0
3,0,1,0.9879819631970751,-0.36791959144094083,False,True,3
3,0,1,-0.8923230656907014,-0.5013829295096666,False,True,3
3,0,1,-0.5092979672135618,-0.5271783731426464,False,False,3
3,1,1,1.0576228901929186,-0.5123740313187835,False,True,3
3,0,0,-0.5441184307114836,-0.46810996905617613,False,True,0
3,0,1,-0.7530412116990143,-0.47431701646841085,False,True,3
3,1,0,0.013008985255265075,-0.5321131536309696,True,False,0
3,1,1,-0.0566319417405785,-0.5177574298627813,True,False,3
3,0,1,-2.053007504070173,-0.3984255115589087,False,True,3
3,0,1,0.2915726932386394,-0.3984255115589087,False,True,3
3,0,0,-0.12627286873642207,-0.3984255115589087,False,True,0
3,0,1,-0.19591379573226564,-0.5151410978534958,False,True,3
3,0,1,-0.3351956497239528,-0.5151410978534958,False,True,3
3,0,1,-0.4048365767197964,-0.22346516968719501,False,True,3
3,0,1,-0.5441184307114836,-0.5123740313187835,False,True,3
3,0,1,-0.6137593577073271,-0.22346516968719501,False,True,3
3,0,1,-0.8923230656907014,-0.5123740313187835,False,True,3
3,1,1,0.4656750107282483,-0.344591560213766,False,True,3
3,1,0,0.4308545472303265,-0.344591560213766,False,True,0
3,1,1,0.013008985255265075,-0.4863542915781149,False,True,3
3,0,1,-0.961963992686545,-0.4863542915781149,False,True,3
3,1,1,-2.0065778976241986,-0.2876172735065761,False,True,3
3,1,0,-2.06460968167199,-0.2876172735065761,False,True,0
3,0,1,-0.2655547227281092,-0.2876172735065761,False,True,3
3,1,0,0.2219317662427958,-0.2876172735065761,False,True,0
3,0,1,-0.3351956497239528,-0.5151410978534958,False,True,3
3,0,1,-0.5441184307114836,-0.5267297550869717,False,True,3
3,0,1,0.4308545472303265,-0.5267297550869717,False,True,3
3,1,0,-0.7530412116990143,-0.5154389813837436,True,False,0
3,0,1,-0.8923230656907014,-0.5151410978534958,False,True,3
3,0,1,0.848700109205388,-0.5013829295096666,False,True,3
3,0,1,0.9183410362012315,-0.5151410978534958,False,True,3
3,0,1,0.15229083924695222,-0.5177574298627813,True,False,3
3,1,1,-0.7530412116990143,-0.5123740313187835,False,True,3
3,1,0,0.013008985255265075,-0.43296894931632157,False,True,0
3,0,0,-0.4048365767197964,-0.5177574298627813,True,False,0
3,1,0,-0.47447750371563996,-0.5123740313187835,False,True,0
3,0,1,0.2219317662427958,-0.5151410978534958,False,False,3
3,0,1,2.45044143010979,-0.5177574298627813,True,False,3
3,1,1,-0.4048365767197964,-0.5213463565429739,False,True,3
3,0,1,-0.47447750371563996,-0.4073978367830991,False,True,3
3,1,0,-0.5441184307114836,-0.4073978367830991,False,True,0
3,0,1,-0.8226821386948578,-0.5173088118071067,False,True,3
3,0,1,-0.961963992686545,-0.5173088118071067,False,True,3
3,0,1,1.0576228901929186,-0.5316645357547416,False,True,3
3,0,1,0.6397773282178573,-0.5271030057902096,False,False,3
3,0,1,-0.8923230656907014,-0.5271030057902096,False,False,3
3,0,1,-1.0316049196823887,-0.5271030057902096,False,False,3
3,0,1,1.1969047441846057,-0.5267297550869717,False,True,3
3,1,0,-1.7280141896408245,-0.43296894931632157,False,True,0
3,0,1,0.7442387187116226,-0.3858642418893217,False,True,3
3,0,1,0.7442387187116226,-0.5177574298627813,True,False,3
3,0,1,-0.8226821386948578,-0.5169355611038688,False,True,3
3,0,1,-0.2655547227281092,-0.5154389813837436,True,False,3
3,0,0,-0.6137593577073271,-0.03998111167464027,False,True,0
3,0,0,-1.44945048165745,-0.03998111167464027,False,True,0
3,0,1,-0.8226821386948578,-0.03998111167464027,False,True,3
3,0,1,-0.961963992686545,-0.03998111167464027,False,True,3
3,0,0,1.2665456711804493,-0.03998111167464027,False,True,0
3,0,1,-0.3351956497239528,-0.5179063674109122,True,False,3
3,0,1,-0.5441184307114836,-0.5123740313187835,False,True,3
3,1,0,-0.961963992686545,-0.5180571017568927,True,False,0
3,1,1,-1.44945048165745,-0.28851452756257573,False,True,3
3,0,1,0.2219317662427958,-0.28851452756257573,False,True,3
3,0,1,0.7790591822095444,-0.5159629666124083,False,True,3
3,1,0,0.08264991225110865,-0.28851452756257573,False,True,0
3,0,1,0.5701364012220137,-0.5303186817671643,False,True,3
3,0,1,-1.44945048165745,0.18477566210830607,False,True,3
3,0,1,-2.0065778976241986,0.18477566210830607,False,True,3
3,0,1,-1.310168627665763,0.18477566210830607,False,True,3
3,0,0,-1.3798095546616065,0.18477566210830607,False,True,0
3,0,0,-0.961963992686545,0.18477566210830607,False,True,0
3,0,1,-1.1012458466782322,0.18477566210830607,False,True,3
3,0,1,0.7094182552137008,0.18477566210830607,False,True,3
3,0,0,0.9183410362012315,0.18477566210830607,False,True,0
3,0,1,1.47546845216798,-0.5123740313187835,False,True,3
3,0,1,0.15229083924695222,-0.5067663280536645,False,True,3
3,0,1,-0.6834002847031707,-0.48014902427520456,False,True,3
3,0,1,0.5004954742261701,-0.5146171126248311,False,True,3
3,0,1,-0.12627286873642207,-0.5146171126248311,False,True,3
3,0,1,-0.7530412116990143,-0.5173088118071067,False,True,3
3,0,0,-0.4048365767197964,-0.4980183075505953,False,True,0
3,0,0,-0.8923230656907014,-0.5180571017568927,True,False,0
3,0,1,-0.12627286873642207,-0.37240575405303605,False,True,3
3,1,0,-0.4048365767197964,-0.37240575405303605,False,True,0
3,0,1,-0.6834002847031707,-0.4863542915781149,False,True,3
3,0,1,-0.4396570402177182,-0.5271030057902096,False,False,3
3,0,1,0.7790591822095444,-0.4036599553279111,False,True,3
3,0,1,-0.2655547227281092,-0.5158875992599716,False,True,3
3,0,1,-0.6137593577073271,-0.5158875992599716,False,True,3
3,1,0,1.0576228901929186,-0.4036599553279111,False,True,0
3,0,1,-0.3351956497239528,-0.5267297550869717,False,True,3
3,0,1,-1.310168627665763,-0.3196933433609172,False,False,3
3,1,1,-0.19591379573226564,-0.5316645357547416,False,True,3
3,0,0,-0.8226821386948578,-0.5357020803111622,True,False,0
3,1,0,-0.2655547227281092,-0.5146171126248311,False,True,0
3,0,0,-0.47447750371563996,-0.5146171126248311,False,True,0
3,1,0,-0.5441184307114836,-0.49599954801308677,False,True,0
3,0,1,-0.12627286873642207,-0.5151410978534958,False,True,3
3,0,0,-0.12627286873642207,-0.5173088118071067,False,True,0
3,1,0,-1.9369369706283552,-0.43633357127539296,False,True,0
3,1,0,-0.5441184307114836,-0.43633357127539296,False,True,0
3,0,1,0.9183410362012315,-0.54108547885516,False,True,3
3,0,1,-0.12627286873642207,-0.25262522666581394,False,True,3
3,1,0,-0.19591379573226564,-0.5146171126248311,False,True,0
3,0,1,0.848700109205388,-0.5195518931131544,False,True,3
3,0,1,0.013008985255265075,-0.5271030057902096,False,False,3
3,0,0,-0.19591379573226564,-0.5146171126248311,False,True,0
3,0,0,-0.3351956497239528,-0.5146171126248311,False,True,0
3,1,1,-0.0566319417405785,-0.5151410978534958,False,False,3
3,1,1,-0.6137593577073271,-0.5169355611038688,False,True,3
3,0,1,-0.6834002847031707,-0.5158875992599716,False,True,3
3,0,1,1.2665456711804493,-0.5158875992599716,False,True,3
3,0,1,-0.8923230656907014,-0.5302433145941742,False,True,3
3,0,1,0.2915726932386394,-0.5402636100962476,False,True,3
3,1,1,-0.2655547227281092,-0.5173088118071067,False,True,3
3,0,1,-0.5441184307114836,-0.5169355611038688,False,True,3
3,0,1,0.2219317662427958,-0.5015318841052155,False,True,3
3,0,1,0.08264991225110865,-0.5173088118071067,False,True,3
3,0,1,-0.0566319417405785,-0.5158875992599716,False,True,3
3,1,1,-1.797655116636668,-0.45704529758970447,False,True,3
3,1,0,-2.0065778976241986,-0.45704529758970447,False,True,0
3,0,1,1.3361865981762928,-0.6568284708377332,False,True,3
3,0,1,0.2219317662427958,-0.5173088118071067,False,True,3
3,0,1,-0.7530412116990143,-0.6568284708377332,False,True,3
3,1,0,-0.19591379573226564,-0.45704529758970447,False,True,0
3,0,1,-0.47447750371563996,-0.5151410978534958,False,True,3
3,1,1,0.15229083924695222,-0.5158875992599716,False,True,3
3,0,1,-0.19591379573226564,-0.5158875992599716,False,True,3
3,0,0,-0.6834002847031707,-0.48052228359187465,False,True,0
3,0,0,-0.6137593577073271,-0.48052228359187465,False,True,0
3,1,1,0.15229083924695222,-0.5146171126248311,False,True,3
3,0,1,-0.8923230656907014,-0.5289728363930194,False,True,3
3,0,1,-0.6137593577073271,-0.5054958498525096,False,True,3
3,0,1,0.013008985255265075,-0.5151410978534958,False,True,3
3,1,1,-0.6137593577073271,-0.5169355611038688,False,True,3
3,0,1,0.2219317662427958,-0.5158875992599716,False,True,3
3,0,1,-0.5441184307114836,-0.5218703417716387,False,True,3
3,1,0,-1.797655116636668,-0.41607047198908126,False,False,0
3,1,1,0.6397773282178573,-0.41607047198908126,False,False,3
3,0,1,-0.7878616751969361,-0.5271030057902096,False,False,3
3,0,1,0.32639315673656116,-0.5163362173156462,True,False,3
3,0,1,0.9879819631970751,-0.5123740313187835,False,True,3
3,0,0,-0.5441184307114836,-0.5013829295096666,False,True,0
3,0,1,-0.2655547227281092,-0.5013829295096666,False,True,3
3,1,0,-1.797655116636668,-0.2615975518900044,False,True,0
3,1,1,-0.0566319417405785,-0.2615975518900044,False,True,3
3,1,0,-0.2655547227281092,-0.2615975518900044,False,True,0
3,0,0,-2.0065778976241986,-0.43820341102997445,False,True,0
3,0,1,-0.8226821386948578,-0.5158875992599716,False,True,3
3,0,0,0.4308545472303265,-0.43820341102997445,False,True,0
3,1,1,-0.3351956497239528,-0.5271030057902096,False,False,3
3,0,0,0.5004954742261701,-0.4847841414828487,False,True,0
3,1,0,-0.5441184307114836,-0.5267297550869717,False,True,0
3,1,1,-0.2655547227281092,0.35696891196390373,False,True,3
3,0,1,-0.0566319417405785,-0.4866539634722262,False,True,3
3,0,1,-0.0566319417405785,-0.5173088118071067,False,True,3
3,0,1,-0.5441184307114836,-0.5173088118071067,False,True,3
3,1,1,-0.5441184307114836,-0.5271783731426464,False,False,3
3,0,1,0.15229083924695222,-0.5146171126248311,False,True,3
3,0,1,0.32639315673656116,-0.5413097835762812,False,False,3
3,0,1,0.4308545472303265,-0.6568284708377332,False,True,3
3,0,1,0.6397773282178573,-0.22346516968719501,False,True,3
3,0,1,-0.4048365767197964,-0.4863542915781149,False,True,3
3,0,0,-0.3351956497239528,-0.5173088118071067,False,True,0
3,0,0,1.0576228901929186,-0.5177574298627813,False,True,0
3,0,1,0.4308545472303265,-0.3777891527764804,False,True,3
3,0,0,0.013008985255265075,-0.3777891527764804,False,True,0
3,1,1,-0.6834002847031707,-0.5146171126248311,False,True,3
3,0,1,-0.12627286873642207,0.35696891196390373,False,True,3
3,0,1,0.013008985255265075,-0.36791959144094083,False,True,3
3,0,0,-0.2655547227281092,-0.36791959144094083,False,True,0
3,0,1,-0.6485798212052489,-0.5267297550869717,False,True,3
3,1,1,-0.19591379573226564,-0.5013829295096666,False,True,3
3,0,1,1.47546845216798,-0.5302433145941742,False,True,3
3,1,0,-0.47447750371563996,-0.5158875992599716,False,True,0
3,1,1,0.15229083924695222,-0.5208223799277414,False,True,3
3,1,1,-0.4048365767197964,-0.528673164498908,False,True,3
3,0,1,-0.5441184307114836,-0.5289728363930194,False,True,3
3,0,1,-0.0566319417405785,-0.5146171126248311,False,True,3
3,0,0,0.047829448753186864,-0.5177574298627813,True,False,0
3,0,1,0.36121362023448295,-0.5151410978534958,False,False,3
3,0,1,0.2219317662427958,-0.5151410978534958,False,True,3
3,1,0,-1.0316049196823887,-0.5127472906354535,True,False,0
3,0,0,0.36121362023448295,-0.5177574298627813,True,False,0
3,0,1,-0.4048365767197964,-0.36791959144094083,False,True,3
3,0,0,-0.7530412116990143,-0.36791959144094083,False,True,0
3,0,1,1.788852623649276,-0.5123740313187835,False,True,3
3,1,1,-0.6137593577073271,-0.5173088118071067,False,True,3
3,0,1,-0.4048365767197964,-0.5151410978534958,False,True,3
3,0,1,-0.6137593577073271,-0.5151410978534958,False,True,3
3,0,1,-0.12627286873642207,-0.5151410978534958,False,True,3
3,0,1,-0.3351956497239528,-0.5195518931131544,False,True,3
3,1,1,-1.6583732626449808,-0.43296894931632157,False,True,3
3,1,0,-0.19591379573226564,-0.43296894931632157,False,True,0
3,0,1,0.2915726932386394,-0.5123740313187835,False,True,3
3,1,0,-0.4048365767197964,-0.5177574298627813,True,False,0
3,0,1,-0.8226821386948578,-0.5177574298627813,False,True,3
3,0,1,-0.5441184307114836,-0.5151410978534958,False,True,3
3,1,0,-1.0316049196823887,-0.5271783731426464,False,False,0
3,1,0,-2.0065778976241986,-0.3743491632855258,False,False,0
3,1,1,-0.6834002847031707,-0.3743491632855258,False,False,3
3,1,0,-0.7530412116990143,-0.3743491632855258,False,False,0
3,0,1,0.2219317662427958,-0.5123740313187835,False,True,3
3,1,1,-1.2405277006699194,-0.4551000903032398,False,False,3
3,1,0,-1.1012458466782322,-0.4551000903032398,False,False,0
3,0,0,-0.0566319417405785,-0.5146171126248311,False,True,0
3,0,1,-0.12627286873642207,-0.5123740313187835,False,True,3
3,1,0,-0.8226821386948578,-0.5173088118071067,False,True,0
3,1,0,-0.2655547227281092,-0.5158875992599716,False,True,0
3,0,1,-0.6137593577073271,-0.5158875992599716,False,True,3
3,0,1,0.7790591822095444,-0.5289728363930194,False,True,3
3,1,1,0.6397773282178573,-0.5146171126248311,False,True,3
3,0,1,-0.6137593577073271,-0.5168601939308787,False,True,3
3,0,1,-0.09145240523850029,-0.5271030057902096,False,False,3
3,1,0,-0.5441184307114836,-0.5177574298627813,False,True,0
3,0,1,2.171877722126416,-0.5448987102564739,False,True,3
3,0,1,-0.47447750371563996,-0.49128906363245245,False,True,3
3,1,0,-0.5441184307114836,-0.5173088118071067,False,True,0
3,1,1,-1.44945048165745,-0.5999295737343466,False,True,3
3,0,1,-0.12627286873642207,-0.25262522666581394,False,True,3
3,0,1,0.848700109205388,-0.5060180467173108,False,True,3
3,0,0,0.08264991225110865,-0.5158875992599716,False,True,0
3,0,1,-0.12627286873642207,-0.5158875992599716,False,True,3
3,1,1,0.15229083924695222,-0.5173088118071067,False,True,3
3,0,1,-0.6834002847031707,-0.49128906363245245,False,True,3
3,0,0,-0.47447750371563996,-0.5013829295096666,False,True,0
3,0,0,-0.6834002847031707,-0.5013829295096666,False,True,0
3,0,1,-0.6834002847031707,-0.5013829295096666,False,True,3
3,0,1,-0.961963992686545,-0.49143801822800137,False,True,3
3,1,0,0.08264991225110865,-0.5010096872404144,False,True,0
3,0,1,-1.9369369706283552,-0.27864494828238573,False,True,3
3,0,1,-1.6583732626449808,-0.27864494828238573,False,True,3
3,0,0,-1.8672960436325117,-0.27864494828238573,False,True,0
3,0,0,-1.5190914086532936,-0.27864494828238573,False,True,0
3,0,0,-0.0566319417405785,-0.27864494828238573,False,True,0
3,0,1,-2.0065778976241986,0.05534984383238321,False,True,3
3,0,1,-1.5887323356491372,0.05534984383238321,False,True,3
3,0,1,-1.9369369706283552,0.05534984383238321,False,True,3
3,0,1,-0.961963992686545,0.05534984383238321,False,True,3
3,0,1,-1.1012458466782322,0.05534984383238321,False,True,3
3,0,0,0.7790591822095444,0.05534984383238321,False,True,0
3,0,1,-0.6137593577073271,-0.5013829295096666,False,True,3
3,0,1,-0.7530412116990143,-0.3966310393362104,False,True,3
3,0,1,0.15229083924695222,-0.5151410978534958,False,True,3
3,0,1,-2.0239881293731594,-0.4096409180891467,False,True,3
3,0,0,-1.8672960436325117,-0.4096409180891467,False,True,0
3,0,0,-0.2655547227281092,-0.4096409180891467,False,True,0
3,0,1,-0.6137593577073271,-0.5146171126248311,False,True,3
3,0,1,-0.3351956497239528,-0.5146171126248311,False,True,3
3,0,1,-0.5441184307114836,-0.5267297550869717,False,True,3
3,1,1,-0.3351956497239528,-0.5173088118071067,False,True,3
3,0,1,-0.4048365767197964,-0.5123740313187835,False,True,3
3,0,0,-0.12627286873642207,-0.5151410978534958,False,True,0
3,0,1,-0.7530412116990143,-0.5151410978534958,False,True,3
3,0,1,-0.3351956497239528,-0.5173088118071067,False,True,3
3,0,0,-0.8226821386948578,-0.5173088118071067,False,True,0
3,1,1,0.15229083924695222,-0.5123740313187835,False,True,3
3,0,1,-0.8923230656907014,-0.5013829295096666,False,True,3
3,0,1,-0.4048365767197964,-0.5013829295096666,False,True,3
3,0,1,0.5701364012220137,-0.5151410978534958,False,True,3
3,0,1,-0.6137593577073271,-0.5123740313187835,False,True,3
3,0,1,-1.3798095546616065,-0.13419052652863994,True,False,3
3,0,1,-1.797655116636668,-0.13419052652863994,True,False,3
3,0,1,-1.5887323356491372,-0.13419052652863994,True,False,3
3,0,1,-1.9369369706283552,-0.13419052652863994,True,False,3
3,0,1,-1.5190914086532936,-0.13419052652863994,True,False,3
3,0,0,0.6397773282178573,-0.13419052652863994,True,False,0
3,0,0,-0.5441184307114836,0.05534984383238321,False,True,0
3,0,1,0.36121362023448295,-0.5289728363930194,False,True,3
3,0,1,1.4058275251721364,-0.3966310393362104,False,True,3
3,0,0,1.1969047441846057,-0.3966310393362104,False,True,0
3,0,0,-1.9369369706283552,-0.2941222308276948,False,True,0
3,0,1,-0.8226821386948578,-0.2941222308276948,False,True,3
3,0,0,0.7790591822095444,-0.2941222308276948,False,True,0
3,0,1,1.4058275251721364,-0.5123740313187835,False,True,3
3,0,1,-0.961963992686545,-0.5123740313187835,False,True,3
3,0,1,-0.3351956497239528,-0.5271783731426464,False,False,3
3,0,1,0.6049568647199355,-0.5267297550869717,False,True,3
3,0,1,-1.0664253831803105,0.591222023475574,False,True,3
3,0,1,-0.4048365767197964,-0.4894946088160651,False,True,3
3,1,0,-0.6137593577073271,-0.5195518931131544,False,True,0
3,0,1,0.6397773282178573,-0.5146171126248311,False,True,3
3,1,0,-2.0065778976241986,-0.3571527939940521,False,True,0
3,1,0,-0.4048365767197964,-0.3571527939940521,False,True,0
3,1,0,-1.797655116636668,-0.3571527939940521,False,True,0
3,1,1,-0.3351956497239528,-0.4863542915781149,False,True,3
3,0,1,-0.6834002847031707,-0.5123740313187835,False,True,3
3,0,1,-0.3700161132218746,-0.5123740313187835,False,True,3
3,1,1,-0.0566319417405785,-0.4863542915781149,False,True,3
3,0,1,-0.5441184307114836,-0.5271030057902096,False,False,3
3,0,1,0.7094182552137008,-0.5151410978534958,False,True,3
3,0,1,-0.6137593577073271,-0.5146171126248311,False,True,3
3,1,0,-0.8226821386948578,-0.5223189596478667,False,True,0
3,0,1,-1.797655116636668,-0.1561727305057667,False,True,3
3,0,1,-1.3798095546616065,-0.1561727305057667,False,True,3
3,0,0,-1.44945048165745,-0.1561727305057667,False,True,0
3,0,0,-1.9369369706283552,-0.1561727305057667,False,True,0
3,0,1,0.7094182552137008,-0.1561727305057667,False,True,3
3,0,0,1.0576228901929186,-0.1561727305057667,False,True,0
3,0,1,-0.7530412116990143,-0.5195518931131544,False,True,3
3,0,1,0.013008985255265075,-0.5123740313187835,False,True,3
3,0,1,0.15229083924695222,-0.5123740313187835,False,True,3
3,0,1,0.2219317662427958,-0.5013829295096666,False,False,3
3,1,0,-0.47447750371563996,-0.5213463565429739,False,True,0
3,0,1,-0.6137593577073271,-0.5123740313187835,False,True,3
3,0,1,-0.7530412116990143,-0.5151410978534958,False,True,3
3,0,0,-0.5441184307114836,-0.48029797887075354,False,True,0
3,1,1,0.08264991225110865,-0.5146171126248311,False,True,3
3,0,1,-0.19591379573226564,-0.5013829295096666,False,True,3
3,0,0,-1.9369369706283552,-0.46908257269940845,False,True,0
3,0,0,-0.0566319417405785,-0.46908257269940845,False,True,0
3,1,1,-0.961963992686545,-0.5123740313187835,False,True,3
3,1,1,0.9879819631970751,-0.5146171126248311,False,True,3
3,0,1,-0.3351956497239528,-0.5303186817671643,False,True,3
3,0,1,3.0772097730723824,-0.5173088118071067,False,True,3
3,1,1,-1.1012458466782322,-0.49128906363245245,False,True,3
3,0,1,-0.4048365767197964,-0.5169355611038688,False,True,3
3,1,1,-0.3351956497239528,-0.5169355611038688,False,True,3
3,0,1,0.2915726932386394,-0.5123740313187835,False,True,3
3,1,1,-2.0471994499230286,-0.5039992701323843,False,False,3
3,1,0,-0.961963992686545,-0.5039992701323843,False,False,0
3,0,1,0.15229083924695222,-0.5146171126248311,False,True,3
3,0,1,0.047829448753186864,-0.5123740313187835,False,True,3
3,0,1,0.9879819631970751,-0.5123740313187835,False,True,3
3,1,1,-0.3351956497239528,-0.6568284708377332,False,True,3
3,1,1,-1.5887323356491372,-0.383247919031808,False,False,3
3,1,0,-1.44945048165745,-0.383247919031808,False,False,0
3,1,0,-0.0566319417405785,-0.383247919031808,False,False,0
3,0,1,0.4308545472303265,-0.5151410978534958,False,True,3
3,1,0,-0.8226821386948578,-0.4802226116977633,False,True,0
3,1,0,2.311159576118103,-0.4847841414828487,False,True,0
3,0,1,-1.2753481641678412,-0.3966310393362104,False,True,3
3,0,1,0.7442387187116226,-0.3966310393362104,False,True,3
3,0,0,-1.3798095546616065,-0.22346516968719501,False,True,0
3,0,1,0.4308545472303265,-0.22346516968719501,False,True,3
3,0,0,0.013008985255265075,-0.22346516968719501,False,True,0
3,0,1,0.2219317662427958,-0.4863542915781149,False,True,3
3,0,1,-0.12627286873642207,-0.4863542915781149,False,True,3
3,0,1,-0.12627286873642207,-0.4863542915781149,False,True,3
3,0,1,1.1969047441846057,-0.49532661680230533,False,True,3
3,0,0,-0.8226821386948578,-0.33382476276687734,False,True,0
3,0,1,0.08264991225110865,-0.33382476276687734,False,True,3
3,0,1,-0.961963992686545,-0.33382476276687734,False,True,3
3,0,0,0.08264991225110865,-0.33382476276687734,False,True,0
3,1,1,-0.5441184307114836,-0.5271783731426464,False,False,3
3,0,1,-0.6834002847031707,-0.5158875992599716,False,True,3
3,0,0,-1.1012458466782322,-0.5158875992599716,False,True,0
3,0,1,-0.5441184307114836,-0.5151410978534958,False,True,3
3,0,1,-0.5441184307114836,-0.49532661680230533,False,True,3
3,0,1,0.187111302744874,-0.4863542915781149,False,True,3
3,1,0,0.5701364012220137,-0.5271030057902096,False,False,0
3,0,1,1.47546845216798,-0.5177574298627813,False,True,3
3,0,1,-0.8226821386948578,-0.5402636100962476,False,True,3
3,0,1,-0.6137593577073271,-0.5402636100962476,False,True,3
3,1,0,1.1969047441846057,-0.531215917699067,False,True,0
3,0,1,-0.09145240523850029,-0.36791959144094083,False,True,3
3,0,1,-0.6137593577073271,-0.5267297550869717,False,True,3
3,0,1,-0.19591379573226564,-0.5013829295096666,False,True,3
3,0,1,0.4308545472303265,-0.4863542915781149,False,True,3
3,0,1,-0.19591379573226564,-0.3974529079156764,False,False,3
3,1,0,-1.0316049196823887,-0.3974529079156764,False,False,0
3,0,1,1.0924433536908404,-0.5271783731426464,False,False,3
3,0,0,-1.0664253831803105,-0.3974529079156764,False,False,0
3,0,1,-0.23073425923018745,-0.5271783731426464,False,False,3
3,0,1,-0.19591379573226564,-0.5271783731426464,False,False,3
3,0,1,-0.0566319417405785,-0.5155143485567337,False,True,3
