pclass,survival,sex,age,fare,embarked_Queenstown,embarked_Southampton,pclass_sex_interaction,cluster
1,1,0,-0.0566319417405785,3.13554898562906,False,True,0,3
1,1,1,-2.012378986425107,2.062683358448342,False,True,1,1
1,0,0,-1.9369369706283552,2.062683358448342,False,True,0,1
1,0,1,0.013008985255265,2.062683358448342,False,True,1,1
1,0,0,-0.3351956497239528,2.062683358448342,False,True,0,1
1,1,1,1.2665456711804493,-0.1803980157889411,False,True,1,1
1,1,0,2.311159576118103,0.7421059309395827,False,True,0,1
1,0,1,0.6397773282178573,-0.6568284708377332,False,True,1,1
1,1,0,1.6147503061596673,0.2669477516075805,False,True,0,1
1,0,1,2.8682869920848515,0.2315070938890038,False,False,1,1
1,0,1,1.1969047441846057,3.4260280147622253,False,False,1,3
1,1,0,-0.8226821386948578,3.4260280147622253,False,False,0,3
1,1,0,-0.4048365767197964,0.5867358608634787,False,False,0,1
1,1,0,-0.2655547227281092,0.7581071901001242,False,True,0,1
1,1,1,3.495055335047444,-0.1184889573863066,False,True,1,1
1,0,1,-0.4048365767197964,3.7848457279765615,False,False,1,3
1,1,0,1.4058275251721364,3.7848457279765615,False,False,0,3
1,1,0,0.1522908392469522,0.712199459047703,False,False,0,1
1,0,1,0.4308545472303265,0.6933575204484868,False,False,1,1
1,1,1,0.5004954742261701,0.2862382634008452,False,True,1,1
1,1,0,1.1969047441846057,0.2862382634008452,False,True,0,1
1,1,1,-0.2655547227281092,-0.1184889573863066,False,False,1,1
1,1,0,0.848700109205388,3.4260280147622253,False,False,0,3
1,1,0,-0.0566319417405785,3.322921839607073,False,True,0,3
1,0,1,-0.3351956497239528,-0.1902675591798302,False,False,1,1
1,1,1,-0.3351956497239528,0.9775559488416948,False,False,1,1
1,1,0,-0.7530412116990143,0.9775559488416948,False,False,0,1
1,1,0,0.3612136202344829,1.7770637047672966,False,True,0,1
1,1,1,-0.126272868736422,-0.1803980157889411,False,True,1,1
1,0,1,1.0576228901929186,-0.0197933799202117,False,True,1,1
1,1,1,0.7094182552137008,-0.1005443069379257,False,False,1,1
1,1,0,0.013008985255265,2.301646813295694,False,True,0,1
1,1,0,1.9629549411388847,-0.1803980157889411,False,True,0,1
1,0,1,0.848700109205388,-0.1803980157889411,False,True,1,1
1,1,0,1.0576228901929186,4.051399190556202,False,False,0,3
1,1,0,-0.5441184307114836,0.3301273038232156,False,True,0,1
1,0,1,0.7790591822095444,-0.1095166321621162,False,True,1,1
1,0,1,1.2665456711804493,0.2493010092736184,False,False,1,1
1,1,0,0.9879819631970752,-0.1593883975103961,False,False,0,1
1,1,0,2.0325958681347287,0.2669477516075805,False,True,0,1
1,1,0,2.102236795130572,0.712199459047703,False,False,0,1
1,1,0,0.7790591822095444,1.7567270144694964,False,False,0,1
1,0,1,1.0576228901929186,-0.1803980157889411,False,True,1,1
1,1,1,0.848700109205388,-0.1851084649980605,False,True,1,1
1,1,0,1.6147503061596673,-0.1643231692058407,False,False,0,1
1,1,1,0.4308545472303265,8.536740368332499,False,False,1,3
1,1,0,1.9629549411388847,8.536740368332499,False,False,0,3
1,0,1,0.2219317662427958,-0.5671052185958287,False,True,1,1
1,0,1,-0.126272868736422,0.1883645383640308,False,True,1,1
1,0,1,-0.8923230656907014,0.1883645383640308,False,True,1,1
1,1,1,-1.310168627665763,1.4965295829679734,False,True,1,1
1,1,0,-1.1012458466782322,1.4965295829679734,False,True,0,1
1,1,1,0.4308545472303265,1.4965295829679734,False,True,1,1
1,1,0,0.4308545472303265,1.4965295829679734,False,True,0,1
1,0,1,1.3361865981762928,-0.1902675591798302,False,True,1,1
1,0,1,0.4308545472303265,0.7581071901001242,False,True,1,1
1,1,0,3.216491627064069,0.7581071901001242,False,True,0,1
1,0,1,1.127263817188762,0.4409355059862472,False,True,1,1
1,1,0,1.1969047441846057,0.4409355059862472,False,True,0,1
1,1,1,-0.1959137957322656,0.2960324410543161,False,True,1,1
1,1,0,0.2219317662427958,0.2960324410543161,False,True,0,1
1,1,0,0.4308545472303265,4.051399190556202,False,False,0,3
1,1,0,0.013008985255265,0.8953837929472137,False,True,0,1
1,1,1,1.0576228901929186,-0.1238723381651005,False,False,1,1
1,0,1,-0.1959137957322656,1.797626551494698,False,False,1,1
1,1,0,-0.2655547227281092,1.797626551494698,False,False,0,1
1,1,0,-0.5441184307114836,2.062683358448342,False,True,0,1
1,0,1,1.1969047441846057,-0.1976697346676474,False,True,1,1
1,1,0,0.6397773282178573,0.8354181958165553,False,False,0,1
1,0,1,0.5004954742261701,0.8354181958165553,False,False,1,1
1,1,0,2.3808005031139468,0.8354181958165553,False,False,0,1
1,1,0,1.7540321601513544,-0.1956509399586241,False,True,0,1
1,0,1,2.798646065089008,0.6172417109973098,False,True,1,1
1,1,0,0.4308545472303265,0.6172417109973098,False,True,0,1
1,1,0,2.3808005031139468,-0.1803980157889411,False,True,0,1
1,0,1,0.6397773282178573,0.6223254717420322,False,False,1,1
1,1,0,0.5701364012220137,0.6223254717420322,False,False,0,1
1,1,1,1.47546845216798,-0.1803980157889411,False,True,1,1
1,1,1,-0.1959137957322656,-0.1095166321621162,False,True,1,1
1,1,0,0.2219317662427958,2.062683358448342,False,True,0,1
1,0,1,0.0826499122511086,0.2762933524780729,False,True,1,1
1,1,0,-0.1959137957322656,0.2762933524780729,False,True,0,1
1,1,1,0.0826499122511086,0.3660166047199773,False,True,1,1
1,1,0,-0.8923230656907014,0.3660166047199773,False,True,0,1
1,1,1,1.6147503061596673,0.8120900963997087,False,True,1,1
1,1,1,-1.797655116636668,0.8120900963997087,False,True,1,2
1,1,0,1.6843912331555109,0.8120900963997087,False,True,0,1
1,0,1,1.4058275251721364,1.2529310069651542,False,False,1,1
1,1,0,-0.1959137957322656,3.7848457279765615,False,False,0,3
1,1,0,1.2665456711804493,1.2529310069651542,False,False,0,1
1,1,0,1.2665456711804493,0.0537796600011741,False,False,0,1
1,1,1,1.3361865981762928,0.3647461091125116,False,False,1,1
1,0,1,0.6397773282178573,-0.1238723381651005,False,False,1,1
1,1,0,-0.4744775037156399,0.8354181958165553,False,False,0,1
1,1,0,0.5701364012220137,3.4260280147622253,False,False,0,3
1,1,0,1.6843912331555109,0.7476401149718146,False,False,0,1
1,0,0,0.4308545472303265,-0.0883563147091058,False,False,0,1
1,1,1,0.4308545472303265,-0.1833139927753622,False,True,1,1
1,0,1,0.013008985255265,-0.1588644208951636,False,False,1,1
1,1,0,-0.4048365767197964,4.062614597086441,False,True,0,3
1,1,0,-0.126272868736422,4.062614597086441,False,True,0,3
1,1,0,-0.4744775037156399,4.062614597086441,False,True,0,3
1,0,1,-0.7530412116990143,4.062614597086441,False,True,1,3
1,0,1,2.3808005031139468,4.062614597086441,False,True,1,3
1,1,0,2.102236795130572,4.062614597086441,False,True,0,3
1,1,0,0.013008985255265,0.3647461091125116,False,False,0,1
1,1,1,1.4058275251721364,1.7414739539204698,False,True,1,1
1,1,1,0.9183410362012316,-0.1593883975103961,False,False,1,1
1,1,0,-0.5441184307114836,0.2314317263571206,False,False,0,1
1,1,1,2.102236795130572,0.7643877890456169,False,False,1,1
1,1,0,1.2665456711804493,0.7643877890456169,False,False,0,1
1,0,1,0.5004954742261701,0.2960324410543161,False,True,1,1
1,1,0,0.3612136202344829,0.2960324410543161,False,True,0,1
1,0,1,1.1969047441846057,0.0340405714249309,False,True,1,1
1,1,0,0.3612136202344829,3.1384650989948244,False,False,0,3
1,1,0,-0.5441184307114836,0.4090837927130671,False,False,0,1
1,1,0,1.0576228901929186,0.4090837927130671,False,False,0,1
1,0,1,-0.4048365767197964,0.7643877890456169,False,False,1,1
1,1,1,1.3361865981762928,0.9421152929175832,False,False,1,1
1,0,1,2.8682869920848515,-0.0349709383524766,False,False,1,1
1,1,1,1.6147503061596673,-0.145405933058878,False,False,1,1
1,1,0,-0.7530412116990143,-0.1184889573863066,False,True,0,1
1,0,1,0.5701364012220137,2.097002340929016,False,True,1,1
1,1,0,1.9629549411388847,2.097002340929016,False,True,0,1
1,1,1,-0.4744775037156399,0.4801140631046622,False,False,1,1
1,1,0,1.0576228901929186,0.4801140631046622,False,False,0,1
1,0,1,1.127263817188762,0.7643877890456169,False,False,1,1
1,1,1,-0.3351956497239528,0.3380534559262653,False,False,1,1
1,1,0,-0.3351956497239528,0.3380534559262653,False,False,0,1
1,1,1,1.2665456711804493,0.7200502436188697,False,False,1,1
1,1,0,1.3361865981762928,0.7200502436188697,False,False,0,1
1,0,1,1.0576228901929186,0.8411011984238858,False,True,1,1
1,1,0,0.3612136202344829,0.8411011984238858,False,True,0,1
1,0,1,0.7094182552137008,-0.6568284708377332,False,True,1,1
1,1,1,-0.1959137957322656,0.7200502436188697,False,False,1,1
1,1,0,-0.4048365767197964,0.8354181958165553,False,False,0,1
1,0,1,1.7540321601513544,1.02099634608588,False,True,1,1
1,1,0,1.5451093791638235,1.02099634608588,False,True,0,1
1,0,1,0.848700109205388,0.1058191732184544,False,True,1,1
1,0,1,1.7540321601513544,0.2404040515813111,False,True,1,1
1,1,0,-0.961963992686545,0.3835879795220562,False,False,0,1
1,1,0,0.9879819631970752,0.3835879795220562,False,False,0,1
1,1,0,1.47546845216798,0.7421059309395827,False,True,0,1
1,0,1,0.848700109205388,0.2762933524780729,False,True,1,1
1,1,0,0.3612136202344829,0.2762933524780729,False,True,0,1
1,1,1,0.3612136202344829,-0.1803980157889411,False,False,1,1
1,1,1,0.5701364012220137,0.9581900695165468,False,True,1,1
1,1,0,0.3612136202344829,0.9581900695165468,False,True,0,1
1,0,0,1.4058275251721364,-0.1415927020164572,False,False,0,1
1,1,1,1.3361865981762928,-0.6568284708377332,False,True,1,1
1,0,1,1.127263817188762,-0.1902675591798302,False,True,1,1
1,0,1,1.4058275251721364,-0.1902675591798302,False,True,1,1
1,0,1,0.187111302744874,3.1384650989948244,False,False,1,3
1,0,1,1.9629549411388847,-0.1238723381651005,False,False,1,1
1,0,1,0.7790591822095444,0.2738259486857002,False,True,1,1
1,1,1,0.848700109205388,0.2862382634008452,False,True,1,1
1,1,0,1.0576228901929186,0.2862382634008452,False,True,0,1
1,1,0,0.6397773282178573,3.13554898562906,False,True,0,3
1,1,0,1.3361865981762928,-0.1915380547872959,False,True,0,1
1,1,0,0.013008985255265,1.2529310069651542,False,False,0,1
1,1,1,0.3612136202344829,8.536740368332499,False,False,1,3
1,0,1,0.848700109205388,-0.1803980157889411,False,True,1,1
1,1,0,1.7540321601513544,-0.1593883975103961,False,False,0,1
1,1,0,-0.961963992686545,0.0501907837454494,False,True,0,1
1,1,0,1.47546845216798,0.0501907837454494,False,True,0,1
1,0,1,-0.0566319417405785,-0.1184889573863066,False,True,1,1
1,1,0,-0.6137593577073271,0.7421059309395827,False,True,0,1
1,0,1,0.013008985255265,0.1596531245635971,False,True,1,1
1,1,0,1.9629549411388847,1.9724360326900927,False,False,0,1
1,1,0,-1.0316049196823889,3.13554898562906,False,True,0,3
1,0,1,0.013008985255265,-0.1902675591798302,False,True,1,1
1,1,0,-0.961963992686545,0.8953837929472137,False,True,0,1
1,0,1,-0.7530412116990143,0.2960324410543161,False,True,1,1
1,1,0,-0.8226821386948578,0.2960324410543161,False,True,0,1
1,1,0,-0.4048365767197964,0.2315070938890038,False,False,0,1
1,0,1,1.127263817188762,0.6933575204484868,False,False,1,1
1,0,1,1.6843912331555109,0.2738259486857002,False,True,1,1
1,1,1,0.4308545472303265,-0.1851084649980605,False,True,1,1
1,0,1,-0.126272868736422,0.8176977996648278,False,False,1,1
1,0,1,2.45044143010979,-0.1803980157889411,False,True,1,1
1,0,1,0.9879819631970752,0.9581900695165468,True,False,1,1
1,1,0,0.2219317662427958,0.9581900695165468,True,False,0,1
1,1,0,0.5004954742261701,0.9581900695165468,True,False,0,1
1,1,1,0.013008985255265,0.379475092556263,False,False,1,1
1,0,1,1.7540321601513544,-0.1095166321621162,False,True,1,1
1,0,1,1.1969047441846057,0.104024735090592,False,True,1,1
1,0,1,0.5004954742261701,-0.1238723381651005,False,False,1,1
1,1,0,0.0826499122511086,1.3758518445919128,False,False,0,1
1,1,0,-0.4744775037156399,1.3758518445919128,False,False,0,1
1,0,1,1.9629549411388847,1.3758518445919128,False,False,1,1
1,1,0,-0.7530412116990143,-0.1851838325299437,False,True,0,1
1,0,1,2.3808005031139468,-0.1902675591798302,False,True,1,1
1,1,0,0.6397773282178573,1.2973439988802464,False,False,0,1
1,1,0,-0.5441184307114836,0.4553665813155798,False,False,0,1
1,0,1,2.45044143010979,0.4553665813155798,False,False,1,1
1,0,1,-0.0914524052385002,-0.1593883975103961,False,False,1,1
1,0,1,1.0924433536908404,-0.145405933058878,False,True,1,1
1,0,1,-0.4744775037156399,1.02099634608588,False,True,1,1
1,0,1,-0.0566319417405785,0.5382852221074583,False,True,1,1
1,1,0,-0.5441184307114836,0.5382852221074583,False,True,0,1
1,0,1,-0.8226821386948578,1.2973439988802464,False,False,1,1
1,1,0,-0.8923230656907014,1.2973439988802464,False,False,0,1
1,1,0,0.013008985255265,1.02099634608588,False,True,0,1
1,1,1,1.5451093791638235,-0.1095166321621162,False,True,1,1
1,0,1,1.1969047441846057,0.2762933524780729,False,True,1,1
1,1,0,1.823673087147198,0.8354181958165553,False,False,0,1
1,0,1,0.5701364012220137,-0.6568284708377332,False,True,1,1
1,0,1,-0.5441184307114836,1.7770637047672966,False,False,1,1
1,1,0,0.9183410362012316,3.13554898562906,False,True,0,3
1,0,1,0.0826499122511086,0.2493010092736184,False,True,1,1
1,1,1,1.0576228901929186,-0.1803980157889411,False,True,1,1
1,1,0,0.2219317662427958,-0.1593883975103961,False,False,0,1
1,0,1,1.127263817188762,0.7643877890456169,False,False,1,1
1,0,1,0.4308545472303265,0.0632006284035498,False,False,1,1
1,1,0,0.2219317662427958,0.8953837929472137,False,True,0,1
1,0,1,1.7540321601513544,0.4090837927130671,False,False,1,1
1,1,0,1.6843912331555109,0.4090837927130671,False,False,0,1
1,0,1,0.2219317662427958,-0.1803980157889411,False,True,1,1
1,1,1,-1.1708867736740758,4.051399190556202,False,False,1,3
1,1,0,-0.8226821386948578,4.051399190556202,False,False,0,3
1,1,0,-0.6137593577073271,4.051399190556202,False,False,0,3
1,0,1,2.171877722126416,4.051399190556202,False,False,1,3
1,1,0,1.2665456711804493,4.051399190556202,False,False,0,3
1,1,0,-0.4048365767197964,0.5867358608634787,False,False,0,1
1,1,0,0.3612136202344829,0.379475092556263,False,False,0,1
1,1,0,0.013008985255265,-0.1005443069379257,False,False,0,1
1,1,1,0.2915726932386394,-0.1803980157889411,False,True,1,1
1,1,0,0.7094182552137008,2.097002340929016,False,True,0,1
1,1,1,0.3612136202344829,-0.1851084649980605,False,True,1,1
1,0,1,1.4058275251721364,0.3462775161437341,False,True,1,1
1,1,0,0.6397773282178573,0.3462775161437341,False,True,0,1
1,1,1,1.823673087147198,-0.0197933799202117,False,False,1,1
1,1,1,-0.126272868736422,-0.0197933799202117,False,True,1,1
1,0,1,1.823673087147198,-0.1803980157889411,False,True,1,1
1,0,1,1.823673087147198,-0.1060030552486028,False,False,1,1
1,0,1,-0.4048365767197964,0.41985055606512,False,True,1,1
1,1,0,-0.8226821386948578,0.41985055606512,False,True,0,1
1,1,1,-0.4048365767197964,0.8194187167653382,False,True,1,1
1,1,0,-0.4744775037156399,0.8194187167653382,False,True,0,1
1,1,1,-1.6583732626449808,1.7567270144694964,False,False,1,1
1,1,1,1.0576228901929186,1.7567270144694964,False,False,1,1
1,1,0,0.7094182552137008,1.7567270144694964,False,False,0,1
1,0,1,1.8933140141430416,1.9724360326900927,False,False,1,1
1,1,1,0.1522908392469522,-0.1095166321621162,False,False,1,1
1,0,1,2.241518649122259,-0.1803980157889411,False,True,1,1
1,1,1,1.6843912331555109,0.3380534559262653,False,False,1,1
1,1,0,0.9183410362012316,0.3380534559262653,False,False,0,1
1,1,0,1.5451093791638235,0.7476401149718146,False,False,0,1
1,0,1,2.589723284101477,3.322921839607073,False,True,1,3
1,0,0,2.311159576118103,3.322921839607073,False,True,0,3
1,0,1,2.171877722126416,-0.0768429982699839,False,True,1,1
1,1,0,1.2665456711804493,-0.1915380547872959,False,True,0,1
1,1,0,-0.8226821386948578,0.7724629642927803,False,True,0,1
1,0,1,1.5451093791638235,0.7724629642927803,False,True,1,1
1,1,0,0.6397773282178573,0.7724629642927803,False,True,0,1
1,1,1,1.2665456711804493,0.2762933524780729,False,True,1,1
1,0,1,1.3361865981762928,1.33293360616987,False,False,1,1
1,1,1,-0.8923230656907014,1.33293360616987,False,False,1,1
1,1,0,0.6397773282178573,1.33293360616987,False,False,0,1
1,1,1,0.0826499122511086,-0.1447330014892035,False,False,1,1
1,0,1,0.7094182552137008,-0.1593883975103961,False,False,1,1
1,0,1,2.171877722126416,-0.0556826808169735,False,True,1,1
1,0,1,1.1969047441846057,-0.0463370799464811,False,True,1,1
1,1,0,0.3612136202344829,8.536740368332499,False,False,0,3
1,0,1,2.3808005031139468,0.6935064754029286,False,False,1,1
1,1,0,2.102236795130572,0.6935064754029286,False,False,0,1
1,0,1,2.102236795130572,-0.1803980157889411,False,True,1,1
1,0,1,1.6843912331555109,0.730068673774529,False,True,1,1
1,0,1,-0.6137593577073271,0.730068673774529,False,True,1,1
1,1,0,1.7540321601513544,1.7770637047672966,False,False,0,1
1,1,0,0.0826499122511086,2.301646813295694,False,True,0,1
1,0,1,1.8933140141430416,2.301646813295694,False,True,1,1
1,1,0,1.0576228901929186,2.301646813295694,False,True,0,1
1,0,1,1.4058275251721364,3.1384650989948244,False,False,1,3
1,0,1,-0.1959137957322656,3.1384650989948244,False,False,1,3
1,1,0,1.4058275251721364,3.1384650989948244,False,False,0,3
1,1,0,-0.6137593577073271,-0.1803980157889411,False,True,0,1
1,0,1,1.47546845216798,0.4445998179635269,False,False,1,1
1,1,1,-0.6137593577073271,0.4445998179635269,False,False,1,1
1,1,0,0.0826499122511086,1.7567270144694964,False,False,0,1
1,0,1,2.241518649122259,-0.1803980157889411,False,True,1,1
1,1,0,0.4308545472303265,1.7770637047672966,False,False,0,1
2,0,1,0.013008985255265,-0.226156860076592,False,False,2,0
2,1,0,-0.126272868736422,-0.226156860076592,False,False,0,0
2,0,1,0.013008985255265,-0.4235480150087817,False,True,2,0
2,0,1,-0.8226821386948578,-0.4504649906813531,False,True,2,2
2,0,1,-0.3351956497239528,-0.468409641129734,False,True,2,2
2,0,1,0.2915726932386394,-0.1902675591798302,False,True,2,0
2,1,0,0.4308545472303265,-0.1902675591798302,False,True,0,0
2,0,1,1.8933140141430416,-0.4235480150087817,False,True,2,0
2,0,1,-0.8226821386948578,-0.4504649906813531,False,True,2,2
2,0,1,-0.4744775037156399,-0.468409641129734,False,True,2,2
2,1,0,0.4308545472303265,-0.4235480150087817,False,True,0,0
2,0,1,-0.126272868736422,-0.468409641129734,False,True,2,0
2,0,1,1.47546845216798,-0.4320717311496228,False,True,2,0
2,1,1,0.1522908392469522,-0.1902675591798302,False,True,2,0
2,1,0,-0.7530412116990143,-0.1902675591798302,False,True,0,2
2,0,1,-0.126272868736422,-0.1902675591798302,False,True,2,0
2,1,1,-2.0065778976241986,0.0430128966491213,False,True,2,2
2,1,0,-1.797655116636668,0.0430128966491213,False,True,0,2
2,1,0,-1.2405277006699194,0.0430128966491213,False,True,0,2
2,1,0,0.4308545472303265,0.0430128966491213,False,True,0,0
2,1,1,0.2915726932386394,-0.4235480150087817,False,True,2,0
2,1,0,-0.7530412116990143,-0.4235480150087817,False,True,0,2
2,0,1,-0.4744775037156399,-0.4235480150087817,False,True,2,2
2,0,1,-0.2655547227281092,-0.4235480150087817,False,True,2,2
2,0,1,0.848700109205388,-0.4235480150087817,False,True,2,0
2,0,1,-0.1959137957322656,-0.4235480150087817,False,True,2,0
2,1,0,-0.4048365767197964,-0.4235480150087817,False,True,0,2
2,1,0,-1.0316049196823889,0.0430128966491213,False,True,0,2
2,0,1,2.102236795130572,0.0430128966491213,False,True,2,0
2,1,0,0.7094182552137008,0.0430128966491213,False,True,0,0
2,1,0,-0.6834002847031707,-0.1902675591798302,False,True,0,2
2,0,1,-0.3351956497239528,-0.1902675591798302,False,True,2,2
2,1,0,0.4308545472303265,-0.4235480150087817,False,True,0,0
2,0,1,-0.3351956497239528,-0.4235480150087817,False,True,2,2
2,0,1,0.848700109205388,-0.4235480150087817,False,True,2,0
2,1,0,0.848700109205388,-0.4235480150087817,False,True,0,0
2,1,1,-2.0181870405722515,-0.1364336078346875,False,True,2,2
2,1,1,-0.2655547227281092,-0.1364336078346875,False,True,2,2
2,1,0,-0.5441184307114836,-0.1364336078346875,False,True,0,2
2,1,0,0.3612136202344829,-0.2799908114217346,False,True,0,0
2,0,1,-0.7530412116990143,-0.4235480150087817,False,True,2,2
2,0,0,0.9879819631970752,-0.1902675591798302,False,True,0,0
2,0,1,1.6843912331555109,-0.1902675591798302,False,True,2,0
2,0,1,1.5451093791638235,-0.4145756897845913,False,True,2,0
2,0,1,0.5004954742261701,-0.1902675591798302,False,True,2,0
2,0,0,-0.0566319417405785,-0.1902675591798302,False,True,0,0
2,1,0,-0.3351956497239528,-0.1184889573863066,False,True,0,2
2,1,0,1.0576228901929186,-0.1184889573863066,False,True,0,0
2,0,1,-0.0566319417405785,-0.1902675591798302,False,True,2,0
2,1,0,-0.126272868736422,-0.1902675591798302,False,True,0,0
2,0,1,-0.0566319417405785,-0.468409641129734,False,True,2,0
2,0,1,-0.126272868736422,-0.4235480150087817,False,True,2,0
2,1,1,-0.4048365767197964,-0.468409641129734,False,True,2,2
2,1,0,-1.5190914086532936,-0.1857813965677349,False,True,0,2
2,0,1,0.0826499122511086,-0.1857813965677349,False,True,2,0
2,1,0,0.0826499122511086,-0.1857813965677349,False,True,0,0
2,1,0,-0.5441184307114836,-0.468409641129734,False,True,0,2
2,0,0,0.013008985255265,-0.4235480150087817,False,True,0,0
2,0,1,-0.6137593577073271,-0.4504649906813531,False,True,2,2
2,1,1,-1.5190914086532936,0.0026374331402643,False,True,2,2
2,0,1,-0.8226821386948578,0.6621033371182621,False,True,2,2
2,1,0,1.2665456711804493,0.0026374331402643,False,True,0,0
2,1,0,-0.126272868736422,-0.4235480150087817,False,True,0,0
2,0,1,0.1522908392469522,-0.4235480150087817,False,True,2,0
2,0,1,-0.8923230656907014,0.6621033371182621,False,True,2,2
2,0,1,-0.0566319417405785,-0.1593883975103961,False,False,2,0
2,1,0,-0.4048365767197964,-0.1593883975103961,False,False,0,2
2,0,1,-0.3351956497239528,-0.0915719817137353,False,True,2,2
2,0,1,-0.8226821386948578,0.6621033371182621,False,True,2,2
2,1,0,-0.8226821386948578,-0.2441015105249728,False,True,0,2
2,1,0,0.2915726932386394,-0.2441015105249728,False,True,0,0
2,0,1,1.6843912331555109,-0.1902675591798302,False,True,2,0
2,1,1,-1.5190914086532936,-0.0736273312653544,False,True,2,2
2,0,1,0.848700109205388,-0.0736273312653544,False,True,2,0
2,1,0,0.2915726932386394,-0.0736273312653544,False,True,0,0
2,1,0,-0.1959137957322656,-0.4081461179400063,False,False,0,0
2,1,0,0.013008985255265,-0.4081461179400063,False,False,0,0
2,0,1,-0.4744775037156399,-0.4235480150087817,False,True,2,2
2,0,1,-0.6137593577073271,-0.4235480150087817,False,True,2,2
2,0,1,-0.8226821386948578,-0.4235480150087817,False,True,2,2
2,0,1,0.7094182552137008,-0.1902675591798302,False,True,2,0
2,1,0,-0.0566319417405785,-0.1902675591798302,False,True,0,0
2,0,1,-0.8226821386948578,-0.468409641129734,False,True,2,2
2,0,1,0.4308545472303265,-0.4235480150087817,False,True,2,0
2,0,0,0.5701364012220137,-0.4235480150087817,False,True,0,0
2,0,1,0.3612136202344829,-0.1902675591798302,False,True,2,0
2,0,1,0.5701364012220137,-0.2799908114217346,False,True,2,0
2,0,1,0.2915726932386394,-0.2799908114217346,False,True,2,0
2,1,0,0.2915726932386394,-0.4235480150087817,False,True,0,0
2,0,1,-0.961963992686545,-0.1902675591798302,False,True,2,2
2,0,1,-0.2655547227281092,-0.468409641129734,False,True,2,2
2,0,1,1.1969047441846057,-0.468409641129734,False,True,2,0
2,0,1,-0.6137593577073271,-0.4504649906813531,False,True,2,2
2,0,1,-0.6137593577073271,-0.4504649906813531,False,True,2,2
2,0,1,-0.4048365767197964,-0.4145756897845913,False,True,2,2
2,0,1,-0.4048365767197964,-0.4235480150087817,False,True,2,2
2,0,1,0.2915726932386394,-0.4235480150087817,False,True,2,0
2,0,1,0.013008985255265,-0.4235480150087817,False,True,2,0
2,0,1,1.5451093791638235,-0.4235480150087817,False,True,2,0
2,0,1,0.013008985255265,-0.4235480150087817,False,True,2,0
2,1,1,-2.029789218174068,-0.3966310393362104,False,True,2,2
2,1,0,-0.4048365767197964,-0.3966310393362104,False,True,0,2
2,0,1,0.9879819631970752,-0.4235480150087817,False,True,2,0
2,1,0,-1.6583732626449808,-0.0646550060411639,False,True,0,2
2,0,1,-0.126272868736422,-0.0646550060411639,False,True,2,0
2,1,1,2.241518649122259,-0.468409641129734,False,True,2,0
2,0,1,0.013008985255265,-0.468409641129734,False,True,2,0
2,1,0,-1.5887323356491372,-0.1857813965677349,False,True,0,2
2,0,1,0.9183410362012316,-0.1857813965677349,False,True,2,0
2,1,0,1.0576228901929186,-0.1857813965677349,False,True,0,0
2,1,0,-0.4048365767197964,0.5095738083070246,False,True,0,2
2,1,0,-0.4048365767197964,0.5095738083070246,False,True,0,2
2,0,1,1.3361865981762928,0.5095738083070246,False,True,2,1
2,1,0,1.2665456711804493,0.5095738083070246,False,True,0,1
2,1,0,1.7540321601513544,-0.3697140636636391,False,True,0,0
2,0,1,-0.4048365767197964,0.6621033371182621,False,True,2,2
2,0,1,0.1522908392469522,0.6621033371182621,False,True,2,1
2,0,1,-0.6137593577073271,0.6621033371182621,False,True,2,2
2,0,0,-0.8226821386948578,-0.4235480150087817,False,True,0,2
2,1,0,-0.6834002847031707,-0.2441015105249728,False,True,0,2
2,0,1,-0.4744775037156399,-0.4504649906813531,False,True,2,2
2,0,1,0.4308545472303265,-0.4235480150087817,False,True,2,0
2,1,0,1.6843912331555109,-0.2441015105249728,False,True,0,0
2,0,1,1.4058275251721364,-0.4235480150087817,False,True,2,0
2,0,1,0.9879819631970752,-0.1902675591798302,False,True,2,0
2,1,0,-0.0566319417405785,-0.1902675591798302,False,True,0,0
2,0,1,-0.6137593577073271,0.6621033371182621,False,True,2,2
2,1,1,0.848700109205388,-0.4235480150087817,False,True,2,0
2,0,1,2.311159576118103,-0.1902675591798302,False,True,2,0
2,0,0,2.102236795130572,-0.1902675591798302,False,True,0,0
2,0,1,0.2219317662427958,-0.436557893761718,False,True,2,0
2,1,0,-0.8923230656907014,-0.468409641129734,False,True,0,2
2,0,1,0.848700109205388,-0.1723229087314493,False,True,2,0
2,1,0,-0.4048365767197964,-0.1723229087314493,False,True,0,2
2,0,1,1.1969047441846057,-0.3876587141120199,False,True,2,0
2,0,1,-0.4048365767197964,-0.0915719817137353,False,True,2,2
2,0,1,-0.5441184307114836,-0.0915719817137353,False,True,2,2
2,0,1,0.1522908392469522,-0.468409641129734,False,True,2,0
2,1,0,-0.4744775037156399,-0.4093412280709384,False,False,0,2
2,0,1,0.2915726932386394,-0.1902675591798302,False,True,2,0
2,1,0,-0.4048365767197964,-0.1902675591798302,False,True,0,2
2,0,0,-0.5441184307114836,-0.2799908114217346,False,True,0,2
2,0,1,0.3612136202344829,-0.4352120306223692,True,False,2,0
2,1,0,1.0576228901929186,-0.4145756897845913,False,True,0,0
2,0,1,1.8933140141430416,-0.4352120306223692,True,False,2,0
2,0,1,0.0826499122511086,-0.468409641129734,False,True,2,0
2,0,0,-0.2655547227281092,-0.1902675591798302,False,True,0,2
2,0,1,0.013008985255265,-0.1902675591798302,False,True,2,0
2,1,0,-2.0065778976241986,0.0892957516468406,False,False,0,2
2,1,0,-1.867296043632512,0.0892957516468406,False,False,0,2
2,0,1,-0.3351956497239528,0.0892957516468406,False,False,2,2
2,1,0,-0.5441184307114836,0.0892957516468406,False,False,0,2
2,1,0,-0.8923230656907014,-0.4414926654571626,False,False,0,2
2,1,0,0.2915726932386394,-0.468409641129734,False,True,0,0
2,0,1,0.4308545472303265,-0.4257910963148293,False,False,2,0
2,0,1,-0.4048365767197964,-0.468409641129734,False,True,2,2
2,0,1,2.171877722126416,-0.4352120306223692,True,False,2,0
2,0,1,1.4058275251721364,-0.1902675591798302,False,True,2,0
2,1,0,0.848700109205388,-0.1902675591798302,False,True,0,0
2,0,0,1.8933140141430416,-0.468409641129734,False,True,0,0
2,1,1,-2.0065778976241986,0.0071989632842427,False,False,2,2
2,0,1,0.0826499122511086,0.0071989632842427,False,False,2,0
2,1,0,-0.4048365767197964,0.0071989632842427,False,False,0,2
2,0,1,0.013008985255265,-0.4235480150087817,False,True,2,0
2,0,1,0.7094182552137008,-0.3697140636636391,False,True,2,0
2,0,1,0.1522908392469522,-0.4145756897845913,False,True,2,0
2,0,1,0.013008985255265,-0.4235480150087817,False,True,2,0
2,0,1,1.127263817188762,-0.1902675591798302,False,True,2,0
2,1,0,-1.1708867736740758,-0.306907787094306,False,True,0,2
2,1,0,0.7790591822095444,-0.306907787094306,False,True,0,0
2,1,1,-0.7530412116990143,-0.468409641129734,False,True,2,2
2,0,1,0.6397773282178573,-0.4235480150087817,False,True,2,0
2,0,1,1.2665456711804493,-0.4235480150087817,False,True,2,0
2,0,1,2.798646065089008,-0.468409641129734,False,True,2,0
2,0,1,-0.1959137957322656,-0.4235480150087817,False,True,2,0
2,0,1,1.6843912331555109,-0.4056033645604008,False,True,2,0
2,0,1,0.6397773282178573,-0.1902675591798302,False,True,2,0
2,0,1,-0.961963992686545,-0.468409641129734,False,True,2,2
2,0,1,2.241518649122259,-0.4829896696190434,True,False,2,0
2,0,1,0.187111302744874,-0.1172184617788409,False,False,2,0
2,1,0,-1.1012458466782322,-0.1172184617788409,False,False,0,2
2,1,1,-1.9369369706283552,-0.1902675591798302,False,True,2,2
2,1,1,-1.867296043632512,-0.1902675591798302,False,True,2,2
2,0,1,0.4656750107282483,-0.1902675591798302,False,True,2,0
2,0,1,-0.2655547227281092,-0.4235480150087817,False,True,2,2
2,0,1,-0.7530412116990143,0.0026374331402643,False,True,2,2
2,0,1,-0.126272868736422,-0.4145756897845913,False,True,2,0
2,1,1,-0.6834002847031707,-0.4080707504081232,False,False,2,2
2,1,0,-0.0566319417405785,-0.468409641129734,False,True,0,0
2,0,1,0.6397773282178573,-0.4235480150087817,False,True,2,0
2,1,1,-0.5441184307114836,-0.468409641129734,False,True,2,2
2,0,1,-0.4744775037156399,-0.468409641129734,False,True,2,2
2,1,1,-0.0566319417405785,-0.4081461179400063,False,False,2,0
2,0,1,-0.126272868736422,-0.468409641129734,False,True,2,0
2,1,0,1.4058275251721364,-0.1902675591798302,False,True,0,0
2,0,1,-0.7530412116990143,-0.468409641129734,False,True,2,2
2,0,1,0.7790591822095444,-0.4235480150087817,False,True,2,0
2,1,0,-0.6137593577073271,-0.2799908114217346,False,True,0,2
2,1,0,-0.7530412116990143,-0.1902675591798302,False,True,0,2
2,0,1,0.9183410362012316,-0.2799908114217346,False,True,2,0
2,1,0,0.1522908392469522,-0.4235480150087817,False,True,0,0
2,0,1,0.2915726932386394,-0.4235480150087817,False,True,2,0
2,1,1,0.013008985255265,-0.4282584821625517,False,False,2,0
2,0,1,-0.1959137957322656,-0.3870611500742287,False,False,2,0
2,1,0,-1.9369369706283552,-0.1902675591798302,False,True,0,2
2,1,0,-1.5190914086532936,-0.1902675591798302,False,True,0,2
2,1,0,0.2219317662427958,-0.1902675591798302,False,True,0,0
2,0,1,0.4308545472303265,-0.468409641129734,False,True,2,0
2,0,1,0.2915726932386394,-0.2799908114217346,False,True,2,0
2,1,0,0.013008985255265,-0.2799908114217346,False,True,0,0
2,1,0,-0.126272868736422,-0.4235480150087817,False,True,0,0
2,0,1,-0.4744775037156399,-0.386836845532554,False,False,2,2
2,1,1,-2.0181870405722515,-0.3203662749305916,False,True,2,2
2,1,1,-1.867296043632512,-0.3203662749305916,False,True,2,2
2,1,0,-0.4048365767197964,-0.3203662749305916,False,True,0,2
2,1,0,1.4058275251721364,-0.468409641129734,False,True,0,0
2,0,1,-0.7530412116990143,-0.468409641129734,False,True,2,2
2,1,0,-0.6137593577073271,-0.468409641129734,False,True,0,2
2,0,1,-0.2655547227281092,-0.4235480150087817,False,True,2,2
2,0,1,-0.3351956497239528,-0.4235480150087817,False,True,2,2
2,0,1,-0.1959137957322656,-0.1902675591798302,False,True,2,0
2,1,0,-0.3351956497239528,-0.1902675591798302,False,True,0,2
2,1,0,-0.8226821386948578,-0.4235480150087817,False,True,0,2
2,1,0,-0.6834002847031707,0.0026374331402643,False,True,0,2
2,1,0,0.013008985255265,-0.4235480150087817,False,True,0,0
2,0,1,2.0325958681347287,-0.4145756897845913,False,True,2,0
2,1,0,0.013008985255265,-0.4352120306223692,True,False,0,0
2,0,1,0.3612136202344829,-0.468409641129734,False,True,2,0
2,1,0,0.7094182552137008,-0.4235480150087817,False,True,0,0
2,0,1,-0.3351956497239528,-0.4235480150087817,False,True,2,2
2,0,1,0.7790591822095444,-0.386836845532554,False,False,2,0
2,0,1,-0.3351956497239528,-0.468409641129734,False,True,2,2
2,0,1,-0.7878616751969361,-0.4235480150087817,False,True,2,2
2,0,1,-1.1012458466782322,0.5095738083070246,False,True,2,2
2,1,0,1.4058275251721364,-0.468409641129734,False,True,0,0
2,0,1,-0.4744775037156399,-0.4235480150087817,False,True,2,2
2,1,0,-0.126272868736422,-0.4298286498435752,False,True,0,0
2,1,0,-0.1959137957322656,-0.468409641129734,False,True,0,0
2,0,1,-0.0566319417405785,-0.2799908114217346,False,True,2,0
2,0,0,-0.1959137957322656,-0.2799908114217346,False,True,0,0
2,0,1,0.7094182552137008,-0.4235480150087817,False,True,2,0
2,1,0,0.0826499122511086,-0.2799908114217346,False,True,0,0
2,0,1,0.013008985255265,-0.2799908114217346,False,True,2,0
2,0,1,-0.4744775037156399,-0.468409641129734,False,True,2,2
2,1,0,0.0826499122511086,-0.2799908114217346,False,True,0,0
2,1,0,-1.2405277006699194,-0.3742002262757343,False,True,0,2
2,1,0,0.7094182552137008,-0.3742002262757343,False,True,0,0
2,1,0,0.187111302744874,-0.4235480150087817,False,True,0,0
2,0,1,-0.1959137957322656,-0.1902675591798302,False,True,2,0
2,1,0,-0.0566319417405785,-0.1902675591798302,False,True,0,0
2,1,1,-1.9369369706283552,-0.2441015105249728,False,True,2,2
2,1,0,-1.797655116636668,-0.2441015105249728,False,True,0,2
2,1,0,-0.0566319417405785,-0.2441015105249728,False,True,0,0
2,1,0,-2.012378986425107,-0.1588644208951636,False,True,0,2
2,1,0,-1.7280141896408243,-0.1588644208951636,False,True,0,2
2,0,1,0.4308545472303265,-0.1588644208951636,False,True,2,0
2,1,0,0.2219317662427958,-0.1588644208951636,False,True,0,0
2,0,1,2.520082357105634,-0.468409641129734,False,True,2,0
2,1,1,0.0826499122511086,-0.4235480150087817,False,True,2,0
2,1,0,-0.2655547227281092,-0.4145756897845913,False,True,0,2
2,0,0,-0.4048365767197964,-0.4235480150087817,False,True,0,2
3,0,1,0.848700109205388,-0.5213463565429739,False,True,3,0
3,0,1,-1.1708867736740758,-0.2934492992580203,False,True,3,2
3,0,1,-0.961963992686545,-0.2934492992580203,False,True,3,2
3,1,0,0.3612136202344829,-0.2934492992580203,False,True,0,0
3,1,0,-0.961963992686545,-0.5195518931131544,False,True,0,2
3,1,1,-0.3351956497239528,-0.5195518931131544,False,True,3,2
3,1,1,-0.6834002847031707,-0.5146171126248311,False,True,3,2
3,1,0,-0.8226821386948578,-0.5271030057902096,False,False,0,2
3,0,1,0.013008985255265,-0.5267297550869717,False,True,3,0
3,0,1,-0.2655547227281092,-0.5123740313187835,False,True,3,2
3,0,0,0.7094182552137008,-0.4868029010203572,False,True,0,0
3,1,1,-2.0181870405722515,-0.4890459823264048,False,True,3,2
3,1,0,-0.8226821386948578,-0.4890459823264048,False,True,0,2
3,1,1,-0.2655547227281092,-0.3196933433609172,False,False,3,2
3,0,1,-0.2655547227281092,-0.5152900438356125,False,True,3,2
3,0,1,-0.6834002847031707,-0.5146171126248311,False,True,3,2
3,0,1,-0.4048365767197964,-0.5303186817671643,False,True,3,2
3,0,1,-0.3351956497239528,-0.5303186817671643,False,True,3,2
3,0,1,0.3612136202344829,-0.5123740313187835,False,True,3,0
3,0,1,-0.8226821386948578,-0.5078878687066882,False,True,3,2
3,0,1,0.1522908392469522,-0.2526252266658139,False,True,3,0
3,1,0,-0.7530412116990143,-0.5158875992599716,False,True,0,2
3,0,1,-1.797655116636668,-0.0956095352424811,False,True,3,2
3,0,0,-1.6583732626449808,-0.0956095352424811,False,True,0,2
3,0,0,-1.9369369706283552,-0.0956095352424811,False,True,0,2
3,1,0,-0.8923230656907014,-0.5146171126248311,False,True,0,2
3,0,0,0.5701364012220137,-0.5173088118071067,False,True,0,0
3,0,0,-1.44945048165745,-0.0956095352424811,False,True,0,2
3,0,0,-1.310168627665763,-0.0956095352424811,False,True,0,2
3,0,1,0.6397773282178573,-0.0956095352424811,False,True,3,0
3,1,1,-0.1959137957322656,-0.5169355611038688,False,True,3,2
3,0,1,-0.2655547227281092,-0.5173088118071067,False,True,3,2
3,0,0,0.6397773282178573,-0.0956095352424811,False,True,0,0
3,0,1,-0.6834002847031707,-0.5158875992599716,False,True,3,2
3,0,1,-0.2655547227281092,-0.5151410978534958,False,True,3,2
3,0,1,-0.3351956497239528,-0.3374137072122739,False,True,3,2
3,0,0,-0.8226821386948578,-0.3374137072122739,False,True,0,2
3,0,1,-0.4048365767197964,-0.5173088118071067,False,True,3,2
3,0,1,0.3612136202344829,-0.5303186817671643,False,True,3,0
3,0,1,-1.7280141896408243,-0.0935907405334577,False,True,3,2
3,0,1,-1.44945048165745,-0.0935907405334577,False,True,3,2
3,1,1,-1.867296043632512,-0.0935907405334577,False,True,3,2
3,0,1,-1.1708867736740758,-0.0935907405334577,False,True,3,2
3,1,0,-1.7280141896408243,-0.0935907405334577,False,True,0,2
3,0,1,0.7094182552137008,-0.0935907405334577,False,True,3,0
3,1,1,-0.4744775037156399,-0.5169355611038688,False,True,3,2
3,1,0,0.5701364012220137,-0.0935907405334577,False,True,0,0
3,1,0,1.0576228901929186,-0.5271783731426464,False,False,0,0
3,0,1,-0.6137593577073271,-0.5271783731426464,False,False,3,2
3,0,1,-0.4744775037156399,-0.5303186817671643,False,True,3,2
3,0,0,-0.8923230656907014,-0.397379338437768,False,False,0,2
3,0,1,0.013008985255265,-0.5271783731426464,False,False,3,0
3,0,1,-0.4744775037156399,-0.5158875992599716,False,True,3,2
3,1,0,-1.1708867736740758,-0.5271030057902096,False,False,0,2
3,0,1,-0.6834002847031707,-0.5271783731426464,False,False,3,2
3,0,1,0.1522908392469522,-0.372405754053036,False,True,3,0
3,1,0,0.2219317662427958,-0.372405754053036,False,True,0,0
3,1,0,-2.0239881293731594,-0.3112449947519592,False,False,0,2
3,1,0,-2.0239881293731594,-0.3112449947519592,False,False,0,2
3,1,0,-1.7280141896408243,-0.3112449947519592,False,False,0,2
3,1,0,-0.4048365767197964,-0.3112449947519592,False,False,0,2
3,1,0,-0.8226821386948578,-0.5123740313187835,False,True,0,2
3,0,1,0.7094182552137008,-0.5271783731426464,False,False,3,0
3,0,1,-0.2655547227281092,-0.5151410978534958,False,True,3,2
3,1,1,-0.6834002847031707,-0.5271030057902096,False,False,3,2
3,0,0,-0.8226821386948578,-0.3974529079156764,False,False,0,2
3,0,0,1.0576228901929186,-0.3974529079156764,False,False,0,0
3,0,0,-0.1959137957322656,-0.5154389813837436,True,False,0,2
3,0,1,-0.5441184307114836,-0.5123740313187835,False,True,3,2
3,0,1,-0.7530412116990143,-0.5123740313187835,False,True,3,2
3,0,1,-0.2655547227281092,-0.5173088118071067,False,True,3,2
3,0,1,-0.5441184307114836,-0.4890459823264048,False,True,3,2
3,0,1,-0.6834002847031707,-0.5848255643230884,False,False,3,2
3,1,1,0.1522908392469522,0.3569689119639037,False,True,3,0
3,0,1,-0.6137593577073271,-0.5173088118071067,False,True,3,2
3,0,1,-0.8226821386948578,-0.5177574298627813,False,True,3,2
3,0,1,-0.2655547227281092,-0.5151410978534958,False,True,3,2
3,0,1,-1.6583732626449808,-0.383247919031808,False,False,3,2
3,0,0,-1.44945048165745,-0.383247919031808,False,False,0,2
3,0,1,0.7094182552137008,-0.3786863888878295,True,False,3,0
3,0,0,0.1522908392469522,-0.3786863888878295,True,False,0,0
3,0,1,-0.6137593577073271,-0.3679195914409408,False,True,3,2
3,1,0,-0.5441184307114836,-0.5182060479184559,True,False,0,2
3,0,0,-0.6834002847031707,-0.5158875992599716,False,True,0,2
3,0,1,-0.0566319417405785,-0.5303940489401545,False,True,3,0
3,0,1,-0.5441184307114836,-0.5267297550869717,False,True,3,2
3,0,1,-0.5441184307114836,-0.5169355611038688,False,True,3,2
3,0,1,0.3612136202344829,-0.5123740313187835,False,True,3,0
3,0,0,-0.7878616751969361,-0.5261321996626127,True,False,0,2
3,1,1,-0.6137593577073271,-0.5164869516616265,True,False,3,2
3,0,1,-0.7530412116990143,-0.5357020803111622,True,False,3,2
3,0,0,-0.8226821386948578,-0.5154389813837436,True,False,0,2
3,0,0,-0.6137593577073271,-0.5013829295096666,False,True,0,2
3,0,0,0.013008985255265,-0.5013829295096666,False,True,0,0
3,0,1,-0.8226821386948578,-0.5013829295096666,False,True,3,2
3,0,1,0.5701364012220137,-0.5013829295096666,False,True,3,0
3,0,1,-0.8923230656907014,-0.5013829295096666,False,True,3,2
3,0,1,-0.8923230656907014,-0.5013829295096666,False,True,3,2
3,0,0,-0.6137593577073271,-0.5177574298627813,True,False,0,2
3,0,1,-0.6137593577073271,-0.5177574298627813,True,False,3,2
3,0,1,-0.6137593577073271,-0.5123740313187835,False,True,3,2
3,0,1,-0.126272868736422,-0.5169355611038688,False,True,3,2
3,0,1,-0.4048365767197964,-0.5158875992599716,False,True,3,2
3,1,0,-0.961963992686545,-0.5177574298627813,True,False,0,2
3,0,0,0.5004954742261701,-0.5177574298627813,True,False,0,0
3,0,1,-0.126272868736422,-0.5267297550869717,False,True,3,2
3,0,1,-0.4048365767197964,-0.5123740313187835,False,True,3,2
3,0,1,-0.6137593577073271,-0.5180571017568927,True,False,3,2
3,1,1,0.1522908392469522,0.3569689119639037,False,True,3,0
3,0,1,-0.0566319417405785,-0.5123740313187835,False,True,3,0
3,0,1,-0.2655547227281092,-0.3974529079156764,False,False,3,2
3,0,1,-0.8226821386948578,-0.3974529079156764,False,False,3,2
3,0,1,-0.6834002847031707,-0.5303186817671643,False,True,3,2
3,1,1,-0.8226821386948578,-0.5123740313187835,False,True,3,2
3,0,1,-0.4048365767197964,-0.5267297550869717,True,False,3,2
3,0,1,0.4308545472303265,-0.5223189596478667,False,True,3,0
3,0,1,-0.4048365767197964,-0.5223189596478667,False,True,3,2
3,0,1,0.0826499122511086,-0.5180571017568927,True,False,3,0
3,0,1,0.0826499122511086,-0.5177574298627813,True,False,3,0
3,1,0,-0.5441184307114836,-0.5177574298627813,True,False,0,2
3,0,0,0.013008985255265,-0.5199251439958388,True,False,0,0
3,0,1,2.83346652858693,-0.5177574298627813,True,False,3,0
3,0,1,0.9183410362012316,-0.5123740313187835,False,True,3,0
3,0,1,0.3612136202344829,-0.5151410978534958,False,True,3,0
3,0,1,-0.1959137957322656,-0.5151410978534958,False,True,3,2
3,0,1,-0.7530412116990143,-0.5151410978534958,False,True,3,2
3,0,1,0.013008985255265,-0.5123740313187835,False,True,3,0
3,1,1,-1.44945048165745,-0.3715085358863373,False,True,3,2
3,1,1,-1.867296043632512,-0.3715085358863373,False,True,3,2
3,1,0,0.4308545472303265,-0.3715085358863373,False,True,0,0
3,0,1,2.0325958681347287,-0.5267297550869717,False,True,3,0
3,0,1,-0.7530412116990143,-0.5104306219068472,False,True,3,2
3,1,0,-0.8923230656907014,-0.3679195914409408,False,True,0,2
3,0,1,0.9879819631970752,-0.3679195914409408,False,True,3,0
3,0,1,-0.8923230656907014,-0.5013829295096666,False,True,3,2
3,0,1,-0.5092979672135618,-0.5271783731426464,False,False,3,2
3,1,1,1.0576228901929186,-0.5123740313187835,False,True,3,0
3,0,0,-0.5441184307114836,-0.4681099690561761,False,True,0,2
3,0,1,-0.7530412116990143,-0.4743170164684108,False,True,3,2
3,1,0,0.013008985255265,-0.5321131536309696,True,False,0,0
3,1,1,-0.0566319417405785,-0.5177574298627813,True,False,3,0
3,0,1,-2.053007504070173,-0.3984255115589087,False,True,3,2
3,0,1,0.2915726932386394,-0.3984255115589087,False,True,3,0
3,0,0,-0.126272868736422,-0.3984255115589087,False,True,0,2
3,0,1,-0.1959137957322656,-0.5151410978534958,False,True,3,2
3,0,1,-0.3351956497239528,-0.5151410978534958,False,True,3,2
3,0,1,-0.4048365767197964,-0.223465169687195,False,True,3,2
3,0,1,-0.5441184307114836,-0.5123740313187835,False,True,3,2
3,0,1,-0.6137593577073271,-0.223465169687195,False,True,3,2
3,0,1,-0.8923230656907014,-0.5123740313187835,False,True,3,2
3,1,1,0.4656750107282483,-0.344591560213766,False,True,3,0
3,1,0,0.4308545472303265,-0.344591560213766,False,True,0,0
3,1,1,0.013008985255265,-0.4863542915781149,False,True,3,0
3,0,1,-0.961963992686545,-0.4863542915781149,False,True,3,2
3,1,1,-2.0065778976241986,-0.2876172735065761,False,True,3,2
3,1,0,-2.06460968167199,-0.2876172735065761,False,True,0,2
3,0,1,-0.2655547227281092,-0.2876172735065761,False,True,3,2
3,1,0,0.2219317662427958,-0.2876172735065761,False,True,0,0
3,0,1,-0.3351956497239528,-0.5151410978534958,False,True,3,2
3,0,1,-0.5441184307114836,-0.5267297550869717,False,True,3,2
3,0,1,0.4308545472303265,-0.5267297550869717,False,True,3,0
3,1,0,-0.7530412116990143,-0.5154389813837436,True,False,0,2
3,0,1,-0.8923230656907014,-0.5151410978534958,False,True,3,2
3,0,1,0.848700109205388,-0.5013829295096666,False,True,3,0
3,0,1,0.9183410362012316,-0.5151410978534958,False,True,3,0
3,0,1,0.1522908392469522,-0.5177574298627813,True,False,3,0
3,1,1,-0.7530412116990143,-0.5123740313187835,False,True,3,2
3,1,0,0.013008985255265,-0.4329689493163215,False,True,0,0
3,0,0,-0.4048365767197964,-0.5177574298627813,True,False,0,2
3,1,0,-0.4744775037156399,-0.5123740313187835,False,True,0,2
3,0,1,0.2219317662427958,-0.5151410978534958,False,False,3,0
3,0,1,2.45044143010979,-0.5177574298627813,True,False,3,0
3,1,1,-0.4048365767197964,-0.5213463565429739,False,True,3,2
3,0,1,-0.4744775037156399,-0.4073978367830991,False,True,3,2
3,1,0,-0.5441184307114836,-0.4073978367830991,False,True,0,2
3,0,1,-0.8226821386948578,-0.5173088118071067,False,True,3,2
3,0,1,-0.961963992686545,-0.5173088118071067,False,True,3,2
3,0,1,1.0576228901929186,-0.5316645357547416,False,True,3,0
3,0,1,0.6397773282178573,-0.5271030057902096,False,False,3,0
3,0,1,-0.8923230656907014,-0.5271030057902096,False,False,3,2
3,0,1,-1.0316049196823889,-0.5271030057902096,False,False,3,2
3,0,1,1.1969047441846057,-0.5267297550869717,False,True,3,0
3,1,0,-1.7280141896408243,-0.4329689493163215,False,True,0,2
3,0,1,0.7442387187116226,-0.3858642418893217,False,True,3,0
3,0,1,0.7442387187116226,-0.5177574298627813,True,False,3,0
3,0,1,-0.8226821386948578,-0.5169355611038688,False,True,3,2
3,0,1,-0.2655547227281092,-0.5154389813837436,True,False,3,2
3,0,0,-0.6137593577073271,-0.0399811116746402,False,True,0,2
3,0,0,-1.44945048165745,-0.0399811116746402,False,True,0,2
3,0,1,-0.8226821386948578,-0.0399811116746402,False,True,3,2
3,0,1,-0.961963992686545,-0.0399811116746402,False,True,3,2
3,0,0,1.2665456711804493,-0.0399811116746402,False,True,0,0
3,0,1,-0.3351956497239528,-0.5179063674109122,True,False,3,2
3,0,1,-0.5441184307114836,-0.5123740313187835,False,True,3,2
3,1,0,-0.961963992686545,-0.5180571017568927,True,False,0,2
3,1,1,-1.44945048165745,-0.2885145275625757,False,True,3,2
3,0,1,0.2219317662427958,-0.2885145275625757,False,True,3,0
3,0,1,0.7790591822095444,-0.5159629666124083,False,True,3,0
3,1,0,0.0826499122511086,-0.2885145275625757,False,True,0,0
3,0,1,0.5701364012220137,-0.5303186817671643,False,True,3,0
3,0,1,-1.44945048165745,0.184775662108306,False,True,3,2
3,0,1,-2.0065778976241986,0.184775662108306,False,True,3,2
3,0,1,-1.310168627665763,0.184775662108306,False,True,3,2
3,0,0,-1.3798095546616065,0.184775662108306,False,True,0,2
3,0,0,-0.961963992686545,0.184775662108306,False,True,0,2
3,0,1,-1.1012458466782322,0.184775662108306,False,True,3,2
3,0,1,0.7094182552137008,0.184775662108306,False,True,3,0
3,0,0,0.9183410362012316,0.184775662108306,False,True,0,0
3,0,1,1.47546845216798,-0.5123740313187835,False,True,3,0
3,0,1,0.1522908392469522,-0.5067663280536645,False,True,3,0
3,0,1,-0.6834002847031707,-0.4801490242752045,False,True,3,2
3,0,1,0.5004954742261701,-0.5146171126248311,False,True,3,0
3,0,1,-0.126272868736422,-0.5146171126248311,False,True,3,2
3,0,1,-0.7530412116990143,-0.5173088118071067,False,True,3,2
3,0,0,-0.4048365767197964,-0.4980183075505953,False,True,0,2
3,0,0,-0.8923230656907014,-0.5180571017568927,True,False,0,2
3,0,1,-0.126272868736422,-0.372405754053036,False,True,3,2
3,1,0,-0.4048365767197964,-0.372405754053036,False,True,0,2
3,0,1,-0.6834002847031707,-0.4863542915781149,False,True,3,2
3,0,1,-0.4396570402177182,-0.5271030057902096,False,False,3,2
3,0,1,0.7790591822095444,-0.4036599553279111,False,True,3,0
3,0,1,-0.2655547227281092,-0.5158875992599716,False,True,3,2
3,0,1,-0.6137593577073271,-0.5158875992599716,False,True,3,2
3,1,0,1.0576228901929186,-0.4036599553279111,False,True,0,0
3,0,1,-0.3351956497239528,-0.5267297550869717,False,True,3,2
3,0,1,-1.310168627665763,-0.3196933433609172,False,False,3,2
3,1,1,-0.1959137957322656,-0.5316645357547416,False,True,3,2
3,0,0,-0.8226821386948578,-0.5357020803111622,True,False,0,2
3,1,0,-0.2655547227281092,-0.5146171126248311,False,True,0,2
3,0,0,-0.4744775037156399,-0.5146171126248311,False,True,0,2
3,1,0,-0.5441184307114836,-0.4959995480130867,False,True,0,2
3,0,1,-0.126272868736422,-0.5151410978534958,False,True,3,2
3,0,0,-0.126272868736422,-0.5173088118071067,False,True,0,2
3,1,0,-1.9369369706283552,-0.4363335712753929,False,True,0,2
3,1,0,-0.5441184307114836,-0.4363335712753929,False,True,0,2
3,0,1,0.9183410362012316,-0.54108547885516,False,True,3,0
3,0,1,-0.126272868736422,-0.2526252266658139,False,True,3,2
3,1,0,-0.1959137957322656,-0.5146171126248311,False,True,0,2
3,0,1,0.848700109205388,-0.5195518931131544,False,True,3,0
3,0,1,0.013008985255265,-0.5271030057902096,False,False,3,0
3,0,0,-0.1959137957322656,-0.5146171126248311,False,True,0,2
3,0,0,-0.3351956497239528,-0.5146171126248311,False,True,0,2
3,1,1,-0.0566319417405785,-0.5151410978534958,False,False,3,0
3,1,1,-0.6137593577073271,-0.5169355611038688,False,True,3,2
3,0,1,-0.6834002847031707,-0.5158875992599716,False,True,3,2
3,0,1,1.2665456711804493,-0.5158875992599716,False,True,3,0
3,0,1,-0.8923230656907014,-0.5302433145941742,False,True,3,2
3,0,1,0.2915726932386394,-0.5402636100962476,False,True,3,0
3,1,1,-0.2655547227281092,-0.5173088118071067,False,True,3,2
3,0,1,-0.5441184307114836,-0.5169355611038688,False,True,3,2
3,0,1,0.2219317662427958,-0.5015318841052155,False,True,3,0
3,0,1,0.0826499122511086,-0.5173088118071067,False,True,3,0
3,0,1,-0.0566319417405785,-0.5158875992599716,False,True,3,0
3,1,1,-1.797655116636668,-0.4570452975897044,False,True,3,2
3,1,0,-2.0065778976241986,-0.4570452975897044,False,True,0,2
3,0,1,1.3361865981762928,-0.6568284708377332,False,True,3,0
3,0,1,0.2219317662427958,-0.5173088118071067,False,True,3,0
3,0,1,-0.7530412116990143,-0.6568284708377332,False,True,3,2
3,1,0,-0.1959137957322656,-0.4570452975897044,False,True,0,2
3,0,1,-0.4744775037156399,-0.5151410978534958,False,True,3,2
3,1,1,0.1522908392469522,-0.5158875992599716,False,True,3,0
3,0,1,-0.1959137957322656,-0.5158875992599716,False,True,3,2
3,0,0,-0.6834002847031707,-0.4805222835918746,False,True,0,2
3,0,0,-0.6137593577073271,-0.4805222835918746,False,True,0,2
3,1,1,0.1522908392469522,-0.5146171126248311,False,True,3,0
3,0,1,-0.8923230656907014,-0.5289728363930194,False,True,3,2
3,0,1,-0.6137593577073271,-0.5054958498525096,False,True,3,2
3,0,1,0.013008985255265,-0.5151410978534958,False,True,3,0
3,1,1,-0.6137593577073271,-0.5169355611038688,False,True,3,2
3,0,1,0.2219317662427958,-0.5158875992599716,False,True,3,0
3,0,1,-0.5441184307114836,-0.5218703417716387,False,True,3,2
3,1,0,-1.797655116636668,-0.4160704719890812,False,False,0,2
3,1,1,0.6397773282178573,-0.4160704719890812,False,False,3,0
3,0,1,-0.7878616751969361,-0.5271030057902096,False,False,3,2
3,0,1,0.3263931567365611,-0.5163362173156462,True,False,3,0
3,0,1,0.9879819631970752,-0.5123740313187835,False,True,3,0
3,0,0,-0.5441184307114836,-0.5013829295096666,False,True,0,2
3,0,1,-0.2655547227281092,-0.5013829295096666,False,True,3,2
3,1,0,-1.797655116636668,-0.2615975518900044,False,True,0,2
3,1,1,-0.0566319417405785,-0.2615975518900044,False,True,3,0
3,1,0,-0.2655547227281092,-0.2615975518900044,False,True,0,2
3,0,0,-2.0065778976241986,-0.4382034110299744,False,True,0,2
3,0,1,-0.8226821386948578,-0.5158875992599716,False,True,3,2
3,0,0,0.4308545472303265,-0.4382034110299744,False,True,0,0
3,1,1,-0.3351956497239528,-0.5271030057902096,False,False,3,2
3,0,0,0.5004954742261701,-0.4847841414828487,False,True,0,0
3,1,0,-0.5441184307114836,-0.5267297550869717,False,True,0,2
3,1,1,-0.2655547227281092,0.3569689119639037,False,True,3,2
3,0,1,-0.0566319417405785,-0.4866539634722262,False,True,3,0
3,0,1,-0.0566319417405785,-0.5173088118071067,False,True,3,0
3,0,1,-0.5441184307114836,-0.5173088118071067,False,True,3,2
3,1,1,-0.5441184307114836,-0.5271783731426464,False,False,3,2
3,0,1,0.1522908392469522,-0.5146171126248311,False,True,3,0
3,0,1,0.3263931567365611,-0.5413097835762812,False,False,3,0
3,0,1,0.4308545472303265,-0.6568284708377332,False,True,3,0
3,0,1,0.6397773282178573,-0.223465169687195,False,True,3,0
3,0,1,-0.4048365767197964,-0.4863542915781149,False,True,3,2
3,0,0,-0.3351956497239528,-0.5173088118071067,False,True,0,2
3,0,0,1.0576228901929186,-0.5177574298627813,False,True,0,0
3,0,1,0.4308545472303265,-0.3777891527764804,False,True,3,0
3,0,0,0.013008985255265,-0.3777891527764804,False,True,0,0
3,1,1,-0.6834002847031707,-0.5146171126248311,False,True,3,2
3,0,1,-0.126272868736422,0.3569689119639037,False,True,3,2
3,0,1,0.013008985255265,-0.3679195914409408,False,True,3,0
3,0,0,-0.2655547227281092,-0.3679195914409408,False,True,0,2
3,0,1,-0.6485798212052489,-0.5267297550869717,False,True,3,2
3,1,1,-0.1959137957322656,-0.5013829295096666,False,True,3,2
3,0,1,1.47546845216798,-0.5302433145941742,False,True,3,0
3,1,0,-0.4744775037156399,-0.5158875992599716,False,True,0,2
3,1,1,0.1522908392469522,-0.5208223799277414,False,True,3,0
3,1,1,-0.4048365767197964,-0.528673164498908,False,True,3,2
3,0,1,-0.5441184307114836,-0.5289728363930194,False,True,3,2
3,0,1,-0.0566319417405785,-0.5146171126248311,False,True,3,0
3,0,0,0.0478294487531868,-0.5177574298627813,True,False,0,0
3,0,1,0.3612136202344829,-0.5151410978534958,False,False,3,0
3,0,1,0.2219317662427958,-0.5151410978534958,False,True,3,0
3,1,0,-1.0316049196823889,-0.5127472906354535,True,False,0,2
3,0,0,0.3612136202344829,-0.5177574298627813,True,False,0,0
3,0,1,-0.4048365767197964,-0.3679195914409408,False,True,3,2
3,0,0,-0.7530412116990143,-0.3679195914409408,False,True,0,2
3,0,1,1.788852623649276,-0.5123740313187835,False,True,3,0
3,1,1,-0.6137593577073271,-0.5173088118071067,False,True,3,2
3,0,1,-0.4048365767197964,-0.5151410978534958,False,True,3,2
3,0,1,-0.6137593577073271,-0.5151410978534958,False,True,3,2
3,0,1,-0.126272868736422,-0.5151410978534958,False,True,3,2
3,0,1,-0.3351956497239528,-0.5195518931131544,False,True,3,2
3,1,1,-1.6583732626449808,-0.4329689493163215,False,True,3,2
3,1,0,-0.1959137957322656,-0.4329689493163215,False,True,0,2
3,0,1,0.2915726932386394,-0.5123740313187835,False,True,3,0
3,1,0,-0.4048365767197964,-0.5177574298627813,True,False,0,2
3,0,1,-0.8226821386948578,-0.5177574298627813,False,True,3,2
3,0,1,-0.5441184307114836,-0.5151410978534958,False,True,3,2
3,1,0,-1.0316049196823889,-0.5271783731426464,False,False,0,2
3,1,0,-2.0065778976241986,-0.3743491632855258,False,False,0,2
3,1,1,-0.6834002847031707,-0.3743491632855258,False,False,3,2
3,1,0,-0.7530412116990143,-0.3743491632855258,False,False,0,2
3,0,1,0.2219317662427958,-0.5123740313187835,False,True,3,0
3,1,1,-1.2405277006699194,-0.4551000903032398,False,False,3,2
3,1,0,-1.1012458466782322,-0.4551000903032398,False,False,0,2
3,0,0,-0.0566319417405785,-0.5146171126248311,False,True,0,0
3,0,1,-0.126272868736422,-0.5123740313187835,False,True,3,2
3,1,0,-0.8226821386948578,-0.5173088118071067,False,True,0,2
3,1,0,-0.2655547227281092,-0.5158875992599716,False,True,0,2
3,0,1,-0.6137593577073271,-0.5158875992599716,False,True,3,2
3,0,1,0.7790591822095444,-0.5289728363930194,False,True,3,0
3,1,1,0.6397773282178573,-0.5146171126248311,False,True,3,0
3,0,1,-0.6137593577073271,-0.5168601939308787,False,True,3,2
3,0,1,-0.0914524052385002,-0.5271030057902096,False,False,3,2
3,1,0,-0.5441184307114836,-0.5177574298627813,False,True,0,2
3,0,1,2.171877722126416,-0.5448987102564739,False,True,3,0
3,0,1,-0.4744775037156399,-0.4912890636324524,False,True,3,2
3,1,0,-0.5441184307114836,-0.5173088118071067,False,True,0,2
3,1,1,-1.44945048165745,-0.5999295737343466,False,True,3,2
3,0,1,-0.126272868736422,-0.2526252266658139,False,True,3,2
3,0,1,0.848700109205388,-0.5060180467173108,False,True,3,0
3,0,0,0.0826499122511086,-0.5158875992599716,False,True,0,0
3,0,1,-0.126272868736422,-0.5158875992599716,False,True,3,2
3,1,1,0.1522908392469522,-0.5173088118071067,False,True,3,0
3,0,1,-0.6834002847031707,-0.4912890636324524,False,True,3,2
3,0,0,-0.4744775037156399,-0.5013829295096666,False,True,0,2
3,0,0,-0.6834002847031707,-0.5013829295096666,False,True,0,2
3,0,1,-0.6834002847031707,-0.5013829295096666,False,True,3,2
3,0,1,-0.961963992686545,-0.4914380182280013,False,True,3,2
3,1,0,0.0826499122511086,-0.5010096872404144,False,True,0,0
3,0,1,-1.9369369706283552,-0.2786449482823857,False,True,3,2
3,0,1,-1.6583732626449808,-0.2786449482823857,False,True,3,2
3,0,0,-1.867296043632512,-0.2786449482823857,False,True,0,2
3,0,0,-1.5190914086532936,-0.2786449482823857,False,True,0,2
3,0,0,-0.0566319417405785,-0.2786449482823857,False,True,0,0
3,0,1,-2.0065778976241986,0.0553498438323832,False,True,3,2
3,0,1,-1.5887323356491372,0.0553498438323832,False,True,3,2
3,0,1,-1.9369369706283552,0.0553498438323832,False,True,3,2
3,0,1,-0.961963992686545,0.0553498438323832,False,True,3,2
3,0,1,-1.1012458466782322,0.0553498438323832,False,True,3,2
3,0,0,0.7790591822095444,0.0553498438323832,False,True,0,0
3,0,1,-0.6137593577073271,-0.5013829295096666,False,True,3,2
3,0,1,-0.7530412116990143,-0.3966310393362104,False,True,3,2
3,0,1,0.1522908392469522,-0.5151410978534958,False,True,3,0
3,0,1,-2.0239881293731594,-0.4096409180891467,False,True,3,2
3,0,0,-1.867296043632512,-0.4096409180891467,False,True,0,2
3,0,0,-0.2655547227281092,-0.4096409180891467,False,True,0,2
3,0,1,-0.6137593577073271,-0.5146171126248311,False,True,3,2
3,0,1,-0.3351956497239528,-0.5146171126248311,False,True,3,2
3,0,1,-0.5441184307114836,-0.5267297550869717,False,True,3,2
3,1,1,-0.3351956497239528,-0.5173088118071067,False,True,3,2
3,0,1,-0.4048365767197964,-0.5123740313187835,False,True,3,2
3,0,0,-0.126272868736422,-0.5151410978534958,False,True,0,2
3,0,1,-0.7530412116990143,-0.5151410978534958,False,True,3,2
3,0,1,-0.3351956497239528,-0.5173088118071067,False,True,3,2
3,0,0,-0.8226821386948578,-0.5173088118071067,False,True,0,2
3,1,1,0.1522908392469522,-0.5123740313187835,False,True,3,0
3,0,1,-0.8923230656907014,-0.5013829295096666,False,True,3,2
3,0,1,-0.4048365767197964,-0.5013829295096666,False,True,3,2
3,0,1,0.5701364012220137,-0.5151410978534958,False,True,3,0
3,0,1,-0.6137593577073271,-0.5123740313187835,False,True,3,2
3,0,1,-1.3798095546616065,-0.1341905265286399,True,False,3,2
3,0,1,-1.797655116636668,-0.1341905265286399,True,False,3,2
3,0,1,-1.5887323356491372,-0.1341905265286399,True,False,3,2
3,0,1,-1.9369369706283552,-0.1341905265286399,True,False,3,2
3,0,1,-1.5190914086532936,-0.1341905265286399,True,False,3,2
3,0,0,0.6397773282178573,-0.1341905265286399,True,False,0,0
3,0,0,-0.5441184307114836,0.0553498438323832,False,True,0,2
3,0,1,0.3612136202344829,-0.5289728363930194,False,True,3,0
3,0,1,1.4058275251721364,-0.3966310393362104,False,True,3,0
3,0,0,1.1969047441846057,-0.3966310393362104,False,True,0,0
3,0,0,-1.9369369706283552,-0.2941222308276948,False,True,0,2
3,0,1,-0.8226821386948578,-0.2941222308276948,False,True,3,2
3,0,0,0.7790591822095444,-0.2941222308276948,False,True,0,0
3,0,1,1.4058275251721364,-0.5123740313187835,False,True,3,0
3,0,1,-0.961963992686545,-0.5123740313187835,False,True,3,2
3,0,1,-0.3351956497239528,-0.5271783731426464,False,False,3,2
3,0,1,0.6049568647199355,-0.5267297550869717,False,True,3,0
3,0,1,-1.0664253831803103,0.591222023475574,False,True,3,2
3,0,1,-0.4048365767197964,-0.4894946088160651,False,True,3,2
3,1,0,-0.6137593577073271,-0.5195518931131544,False,True,0,2
3,0,1,0.6397773282178573,-0.5146171126248311,False,True,3,0
3,1,0,-2.0065778976241986,-0.3571527939940521,False,True,0,2
3,1,0,-0.4048365767197964,-0.3571527939940521,False,True,0,2
3,1,0,-1.797655116636668,-0.3571527939940521,False,True,0,2
3,1,1,-0.3351956497239528,-0.4863542915781149,False,True,3,2
3,0,1,-0.6834002847031707,-0.5123740313187835,False,True,3,2
3,0,1,-0.3700161132218746,-0.5123740313187835,False,True,3,2
3,1,1,-0.0566319417405785,-0.4863542915781149,False,True,3,0
3,0,1,-0.5441184307114836,-0.5271030057902096,False,False,3,2
3,0,1,0.7094182552137008,-0.5151410978534958,False,True,3,0
3,0,1,-0.6137593577073271,-0.5146171126248311,False,True,3,2
3,1,0,-0.8226821386948578,-0.5223189596478667,False,True,0,2
3,0,1,-1.797655116636668,-0.1561727305057667,False,True,3,2
3,0,1,-1.3798095546616065,-0.1561727305057667,False,True,3,2
3,0,0,-1.44945048165745,-0.1561727305057667,False,True,0,2
3,0,0,-1.9369369706283552,-0.1561727305057667,False,True,0,2
3,0,1,0.7094182552137008,-0.1561727305057667,False,True,3,0
3,0,0,1.0576228901929186,-0.1561727305057667,False,True,0,0
3,0,1,-0.7530412116990143,-0.5195518931131544,False,True,3,2
3,0,1,0.013008985255265,-0.5123740313187835,False,True,3,0
3,0,1,0.1522908392469522,-0.5123740313187835,False,True,3,0
3,0,1,0.2219317662427958,-0.5013829295096666,False,False,3,0
3,1,0,-0.4744775037156399,-0.5213463565429739,False,True,0,2
3,0,1,-0.6137593577073271,-0.5123740313187835,False,True,3,2
3,0,1,-0.7530412116990143,-0.5151410978534958,False,True,3,2
3,0,0,-0.5441184307114836,-0.4802979788707535,False,True,0,2
3,1,1,0.0826499122511086,-0.5146171126248311,False,True,3,0
3,0,1,-0.1959137957322656,-0.5013829295096666,False,True,3,2
3,0,0,-1.9369369706283552,-0.4690825726994084,False,True,0,2
3,0,0,-0.0566319417405785,-0.4690825726994084,False,True,0,0
3,1,1,-0.961963992686545,-0.5123740313187835,False,True,3,2
3,1,1,0.9879819631970752,-0.5146171126248311,False,True,3,0
3,0,1,-0.3351956497239528,-0.5303186817671643,False,True,3,2
3,0,1,3.0772097730723824,-0.5173088118071067,False,True,3,0
3,1,1,-1.1012458466782322,-0.4912890636324524,False,True,3,2
3,0,1,-0.4048365767197964,-0.5169355611038688,False,True,3,2
3,1,1,-0.3351956497239528,-0.5169355611038688,False,True,3,2
3,0,1,0.2915726932386394,-0.5123740313187835,False,True,3,0
3,1,1,-2.0471994499230286,-0.5039992701323843,False,False,3,2
3,1,0,-0.961963992686545,-0.5039992701323843,False,False,0,2
3,0,1,0.1522908392469522,-0.5146171126248311,False,True,3,0
3,0,1,0.0478294487531868,-0.5123740313187835,False,True,3,0
3,0,1,0.9879819631970752,-0.5123740313187835,False,True,3,0
3,1,1,-0.3351956497239528,-0.6568284708377332,False,True,3,2
3,1,1,-1.5887323356491372,-0.383247919031808,False,False,3,2
3,1,0,-1.44945048165745,-0.383247919031808,False,False,0,2
3,1,0,-0.0566319417405785,-0.383247919031808,False,False,0,0
3,0,1,0.4308545472303265,-0.5151410978534958,False,True,3,0
3,1,0,-0.8226821386948578,-0.4802226116977633,False,True,0,2
3,1,0,2.311159576118103,-0.4847841414828487,False,True,0,0
3,0,1,-1.2753481641678412,-0.3966310393362104,False,True,3,2
3,0,1,0.7442387187116226,-0.3966310393362104,False,True,3,0
3,0,0,-1.3798095546616065,-0.223465169687195,False,True,0,2
3,0,1,0.4308545472303265,-0.223465169687195,False,True,3,0
3,0,0,0.013008985255265,-0.223465169687195,False,True,0,0
3,0,1,0.2219317662427958,-0.4863542915781149,False,True,3,0
3,0,1,-0.126272868736422,-0.4863542915781149,False,True,3,2
3,0,1,-0.126272868736422,-0.4863542915781149,False,True,3,2
3,0,1,1.1969047441846057,-0.4953266168023053,False,True,3,0
3,0,0,-0.8226821386948578,-0.3338247627668773,False,True,0,2
3,0,1,0.0826499122511086,-0.3338247627668773,False,True,3,0
3,0,1,-0.961963992686545,-0.3338247627668773,False,True,3,2
3,0,0,0.0826499122511086,-0.3338247627668773,False,True,0,0
3,1,1,-0.5441184307114836,-0.5271783731426464,False,False,3,2
3,0,1,-0.6834002847031707,-0.5158875992599716,False,True,3,2
3,0,0,-1.1012458466782322,-0.5158875992599716,False,True,0,2
3,0,1,-0.5441184307114836,-0.5151410978534958,False,True,3,2
3,0,1,-0.5441184307114836,-0.4953266168023053,False,True,3,2
3,0,1,0.187111302744874,-0.4863542915781149,False,True,3,0
3,1,0,0.5701364012220137,-0.5271030057902096,False,False,0,0
3,0,1,1.47546845216798,-0.5177574298627813,False,True,3,0
3,0,1,-0.8226821386948578,-0.5402636100962476,False,True,3,2
3,0,1,-0.6137593577073271,-0.5402636100962476,False,True,3,2
3,1,0,1.1969047441846057,-0.531215917699067,False,True,0,0
3,0,1,-0.0914524052385002,-0.3679195914409408,False,True,3,2
3,0,1,-0.6137593577073271,-0.5267297550869717,False,True,3,2
3,0,1,-0.1959137957322656,-0.5013829295096666,False,True,3,2
3,0,1,0.4308545472303265,-0.4863542915781149,False,True,3,0
3,0,1,-0.1959137957322656,-0.3974529079156764,False,False,3,2
3,1,0,-1.0316049196823889,-0.3974529079156764,False,False,0,2
3,0,1,1.0924433536908404,-0.5271783731426464,False,False,3,0
3,0,0,-1.0664253831803103,-0.3974529079156764,False,False,0,2
3,0,1,-0.2307342592301874,-0.5271783731426464,False,False,3,2
3,0,1,-0.1959137957322656,-0.5271783731426464,False,False,3,2
3,0,1,-0.0566319417405785,-0.5155143485567337,False,True,3,0
